trip_id,time_step,speed
0,0,10.033985180585194
0,1,12.251181425136558
0,2,10.904925378394077
0,3,14.657008946220497
0,4,12.97084876680789
0,5,15.130092231721848
0,6,17.762566552080344
0,7,16.4455567125119
0,8,17.043873216570365
0,9,19.09438411468423
0,10,16.291267124151915
0,11,20.56574073640225
0,12,20.562099449502927
0,13,22.355883886738745
0,14,23.75710440664874
0,15,22.41913936842487
0,16,22.255667494928282
0,17,22.47921975668788
0,18,23.738176193632434
0,19,24.531506732983388
0,20,27.639296524119423
0,21,28.91706121344533
0,22,28.327515926236792
0,23,27.25753844463401
0,24,27.309096647987765
0,25,28.62971309368276
0,26,30.06724551238342
0,27,30.15475086991581
0,28,29.944874908688682
0,29,29.647507160417245
0,30,30.468656936585546
0,31,33.8253791472022
0,32,34.92097104755124
0,33,31.87530244085805
0,34,33.39600580673443
0,35,32.515752549324155
0,36,32.07577301792423
0,37,36.182734374515256
0,38,32.568891062617894
0,39,33.47200897029462
0,40,37.242751539649504
0,41,34.068545088567284
0,42,34.83692608391468
0,43,34.77641958650534
0,44,34.90376860473766
0,45,34.154235547193665
0,46,36.36278041055993
0,47,36.70390491286021
0,48,32.22334797300033
0,49,32.128393934041384
0,50,35.86641247855094
0,51,31.57775831001142
0,52,35.89052380091896
0,53,33.38995150388495
0,54,36.166566975307894
0,55,30.063716369599415
0,56,34.655445788585006
0,57,30.07016774400729
0,58,32.80443113723119
0,59,33.15161600443057
0,60,29.791062583694476
0,61,29.630185546735884
0,62,27.98543313508682
0,63,30.523629501512243
0,64,29.488967197550217
0,65,28.159177078522088
0,66,26.446458373935897
0,67,26.01585997719059
0,68,27.486834276096495
0,69,28.58001611625182
0,70,25.561179529063804
0,71,23.289000669931493
0,72,22.515586891999437
0,73,21.39739947213593
0,74,22.657174714530615
0,75,20.814915114063087
0,76,20.992023836818188
0,77,19.641028665646083
0,78,16.888236097699693
0,79,19.571328719479347
0,80,13.885771370090982
0,81,15.883776026688418
0,82,16.863994977557294
0,83,15.149459432375513
0,84,14.505495840482872
0,85,13.372766740416507
0,86,12.69220240973413
0,87,9.885217585835854
0,88,7.158462367187329
1,0,7.6914934367886385
1,1,10.297370930660088
1,2,13.28717438975212
1,3,13.984606435173148
1,4,13.736071692786103
1,5,15.387283853956413
1,6,14.12281764154298
1,7,14.402841240894228
1,8,16.633888443274053
1,9,21.03538947484409
1,10,20.897063541047142
1,11,21.430293654718827
1,12,20.31977858025981
1,13,22.293128817337383
1,14,23.507911371349252
1,15,23.06495614306696
1,16,26.29664674182885
1,17,25.7925848490263
1,18,23.530498484295187
1,19,27.305619676137244
1,20,27.673766550149764
1,21,29.075040413700606
1,22,32.16260368396206
1,23,30.85199111696133
1,24,27.654853973817804
1,25,32.40895554238456
1,26,31.64331194265716
1,27,33.12469206094636
1,28,32.621675716400844
1,29,33.88003462887518
1,30,35.61454779291583
1,31,34.08801951939693
1,32,32.130995844158136
1,33,33.107538277047055
1,34,35.15978527146979
1,35,31.744995331069582
1,36,34.769131145023124
1,37,32.440828857240504
1,38,34.154255618684196
1,39,35.49710991177043
1,40,37.91114759837532
1,41,34.82391012364538
1,42,36.09435120432986
1,43,35.980469844216174
1,44,33.6039199380882
1,45,38.019328802624806
1,46,34.47166000154069
1,47,34.11997146829363
1,48,37.12217125050221
1,49,35.097353583362136
1,50,31.30648968403669
1,51,34.15809442705908
1,52,31.06432592046538
1,53,33.41815207327236
1,54,30.445012694639026
1,55,30.5696210374157
1,56,29.403072307354
1,57,30.515106036258203
1,58,29.930161863965964
1,59,28.46487840547103
1,60,29.45699456157444
1,61,26.970952039246093
1,62,23.169624768781816
1,63,25.761217207642307
1,64,25.179048959803545
1,65,22.953196881604566
1,66,20.440932281300043
1,67,20.84580555093172
1,68,18.853259343954583
1,69,22.640116199790587
1,70,18.347220915675816
1,71,19.068601949261833
1,72,15.41515813513751
1,73,18.44762982843436
1,74,15.542133721027872
1,75,14.0343280849937
1,76,13.12314473831219
1,77,14.681958466580333
1,78,12.460782160329467
1,79,11.46735908237152
2,0,9.693904159513728
2,1,11.686416801811163
2,2,13.292649700087964
2,3,12.418081264950793
2,4,11.114183095043487
2,5,11.40089081666457
2,6,14.820201394074843
2,7,18.95479171577017
2,8,14.982448413694048
2,9,15.890956874876686
2,10,17.04710996791287
2,11,19.889182738728337
2,12,20.486461153539608
2,13,17.030007180930248
2,14,20.0417852658191
2,15,22.112095290920816
2,16,18.775054624737887
2,17,19.999209860200946
2,18,23.884498852516426
2,19,23.789108772775972
2,20,22.691151976147655
2,21,24.416208623361495
2,22,22.42556062120244
2,23,25.444171436963064
2,24,29.203293267756823
2,25,27.243934125136388
2,26,24.74610296726899
2,27,26.318984779770588
2,28,26.809627068375047
2,29,31.034915031377047
2,30,27.17786964111536
2,31,32.00779422663996
2,32,30.308136584490203
2,33,30.680924552590415
2,34,30.004846101680542
2,35,30.303020812260204
2,36,31.84028344533748
2,37,29.653352191795452
2,38,32.10132832127126
2,39,31.617343637136205
2,40,34.74389572461512
2,41,33.868547149761106
2,42,36.194424866966244
2,43,32.14296008571261
2,44,32.59200952330589
2,45,35.94798764231118
2,46,34.126406293758954
2,47,32.96348573553536
2,48,35.86225165251632
2,49,34.383945036133255
2,50,36.013687780974294
2,51,34.86492163581958
2,52,36.045670275381035
2,53,36.49376953723315
2,54,32.55287336250205
2,55,33.823764661963644
2,56,35.33789586798694
2,57,32.7981898624025
2,58,32.824240927248276
2,59,35.10917690103838
2,60,37.01066910658286
2,61,32.34573166366895
2,62,32.358219392543454
2,63,35.40051169947024
2,64,34.040308089905366
2,65,34.104536835716054
2,66,34.78177973936333
2,67,32.29577500494141
2,68,33.46614177989081
2,69,33.44711713002753
2,70,31.37672559899808
2,71,33.38486527213863
2,72,29.83912501763532
2,73,32.90836737780473
2,74,32.71797318630181
2,75,29.94409779666886
2,76,30.121841577455026
2,77,33.24667786849115
2,78,30.55333285374621
2,79,27.656786047557556
2,80,30.487830692484163
2,81,28.207220356009124
2,82,24.681992516168496
2,83,25.007632738250834
2,84,26.66894997617897
2,85,25.992795416540723
2,86,28.59481753256898
2,87,25.86884572656718
2,88,23.43131313635622
2,89,23.14753620295243
2,90,24.71387851573961
2,91,22.01370251837183
2,92,20.242665639669553
2,93,20.056379487362623
2,94,19.77098189115721
2,95,19.076849167759963
2,96,20.976677264672947
2,97,18.575245435272407
2,98,16.219297792796883
2,99,16.899759364701186
2,100,14.625145608092218
2,101,15.319499230886803
2,102,15.240223104946377
2,103,12.700204046955866
2,104,11.27248936099104
2,105,8.8914033612905
2,106,11.375247548720345
2,107,11.65866106964232
2,108,6.725119685410366
3,0,10.946298077392509
3,1,9.76289912071452
3,2,11.826743514174048
3,3,12.12619910323954
3,4,11.936605418994214
3,5,11.566055104974055
3,6,18.452759671609158
3,7,13.068605705267554
3,8,17.14811058570708
3,9,14.548804104382464
3,10,16.214058492483883
3,11,16.945554648619922
3,12,19.929910332822857
3,13,17.544344772573833
3,14,15.663461755014644
3,15,23.18295442421579
3,16,19.292547945695322
3,17,20.687926005636033
3,18,22.597419718247426
3,19,22.644409828459104
3,20,23.5878238356134
3,21,23.49271618301464
3,22,24.01901164572214
3,23,24.728173162796143
3,24,25.859917410152168
3,25,25.346935238572964
3,26,24.82579267260661
3,27,27.560772441064493
3,28,29.201802288397495
3,29,28.58029714018346
3,30,26.67205544218547
3,31,29.81800762055829
3,32,30.08245841883519
3,33,31.170477693930653
3,34,28.64604133617647
3,35,31.270850239218394
3,36,30.32060200336793
3,37,31.79512102455646
3,38,32.36598311666009
3,39,27.432716130662147
3,40,32.83539864813356
3,41,32.163547958026555
3,42,33.209564071449975
3,43,32.883480768586885
3,44,32.653475462831025
3,45,36.0806838988647
3,46,35.52110646964893
3,47,34.78627191084876
3,48,34.491302942531966
3,49,35.449718279296995
3,50,31.484878633196224
3,51,32.6064471054908
3,52,32.563455526199206
3,53,34.83844699189137
3,54,36.55319819075496
3,55,35.3708661159857
3,56,34.67551718658002
3,57,32.759027409052436
3,58,33.34846695071242
3,59,33.10706793153083
3,60,33.84785671231749
3,61,33.98155904305676
3,62,33.582772117390896
3,63,34.2337609134999
3,64,32.74060778553884
3,65,35.52089763846752
3,66,34.808125877917995
3,67,33.1033457023333
3,68,34.21074321972814
3,69,32.661692406039094
3,70,34.489170439599086
3,71,35.3430338725278
3,72,35.05874412351955
3,73,32.84252772658997
3,74,32.92037200347014
3,75,35.03577661095991
3,76,31.89903446727156
3,77,32.195552332602446
3,78,32.72758574331375
3,79,28.014003546409285
3,80,31.49084827619222
3,81,30.84232736113137
3,82,29.012834573502698
3,83,27.911052216974777
3,84,31.120819668431224
3,85,28.49533059636867
3,86,28.097876103220894
3,87,25.088369674042557
3,88,23.37564401041751
3,89,24.751160581272703
3,90,26.70214448304911
3,91,26.752631173096336
3,92,23.93900751538444
3,93,22.783328769215498
3,94,21.857778176634913
3,95,23.345059193080765
3,96,20.567377112053304
3,97,22.60699755471795
3,98,20.261984563364134
3,99,19.028242671733796
3,100,17.25751392605303
3,101,17.85297885636932
3,102,15.100809606830007
3,103,15.812426091607003
3,104,15.993020399922079
3,105,13.70286589029833
3,106,14.340651365769224
3,107,13.92703302381887
3,108,13.769856889933093
3,109,15.379516642721402
3,110,15.398523783907578
3,111,10.246291369543911
3,112,10.597841986718906
3,113,8.449212053915033
4,0,8.365317602271903
4,1,11.85223623008604
4,2,12.490603664723334
4,3,13.435411182966186
4,4,12.888426468766681
4,5,14.33842102949667
4,6,16.00065159407838
4,7,15.05769539222278
4,8,15.475488448060077
4,9,15.995065626499338
4,10,13.150497405756958
4,11,18.62376233156589
4,12,16.477135707916677
4,13,16.946559832760123
4,14,18.134960509591384
4,15,22.054917085375504
4,16,19.9229793431833
4,17,21.298360489842985
4,18,21.2209414353089
4,19,22.436167717634646
4,20,22.240747070504245
4,21,23.943560567546744
4,22,25.356566469387484
4,23,24.95929210782896
4,24,26.15451217056291
4,25,23.699448594191768
4,26,24.03669393273047
4,27,24.084930527526872
4,28,26.86719036795225
4,29,28.36365645927063
4,30,28.770095634808442
4,31,29.814325276539346
4,32,29.575605905286054
4,33,28.62274615831097
4,34,30.611902913768006
4,35,31.47605645768319
4,36,30.519601863584732
4,37,31.171060662247555
4,38,32.80780164514333
4,39,33.9987456820756
4,40,33.92899822808249
4,41,32.54751459064142
4,42,32.62019019484867
4,43,32.131266044828955
4,44,31.23353040042009
4,45,33.34728615559607
4,46,31.5410536473954
4,47,32.631793924414765
4,48,32.22639524824573
4,49,34.83922178700044
4,50,35.55043112149527
4,51,38.342368264044666
4,52,34.53215742434217
4,53,33.70756366120187
4,54,31.491824073358845
4,55,37.094049811699435
4,56,34.536884070588144
4,57,33.90962001753233
4,58,37.03803115339191
4,59,34.27136002328134
4,60,36.04951710772042
4,61,32.43512184702794
4,62,34.813428798505605
4,63,37.580319219346734
4,64,33.73780365085833
4,65,34.47975080164842
4,66,32.16389746730417
4,67,32.585562153347155
4,68,32.40151422920065
4,69,33.23880461641727
4,70,32.50972307838245
4,71,30.60915382868162
4,72,31.881791363001696
4,73,32.577408325042796
4,74,35.24522813772032
4,75,34.5483437268552
4,76,32.480128242102644
4,77,30.758312756405328
4,78,30.61770210368698
4,79,29.50191449101483
4,80,32.21376001455429
4,81,30.153403668787266
4,82,33.38804706459518
4,83,30.91895149144149
4,84,30.387512575389533
4,85,28.420102925606574
4,86,29.176341880492664
4,87,27.326436880216324
4,88,25.589117018598046
4,89,27.307238701229693
4,90,29.20660760456178
4,91,26.693841810373613
4,92,26.935641128932076
4,93,24.603676167510436
4,94,26.74005462022541
4,95,24.467438112960124
4,96,23.629602587629098
4,97,24.173855774327738
4,98,22.165607790179223
4,99,21.723088324932913
4,100,21.745900086382605
4,101,18.04202837580174
4,102,20.335030578832026
4,103,17.24450363699732
4,104,20.462803984918022
4,105,17.358438990186333
4,106,19.555321900373
4,107,16.528760951450277
4,108,16.779444307687786
4,109,14.291813688831345
4,110,13.512703148288331
4,111,14.482640224452348
4,112,13.166091466968526
4,113,12.782507430025202
4,114,11.954780646150962
4,115,12.001191137294233
4,116,12.015417775316012
4,117,9.005418264829652
5,0,11.00799733601957
5,1,13.416726751003452
5,2,11.003314907049793
5,3,11.547294022712572
5,4,14.423915822967837
5,5,12.440679482371063
5,6,14.159462677774068
5,7,18.10659214539502
5,8,16.83644613421873
5,9,15.952185414944609
5,10,16.604356097005276
5,11,18.746567211368866
5,12,21.094991974985465
5,13,20.05364942498078
5,14,20.729844254641232
5,15,22.892757757427493
5,16,22.617385884476903
5,17,21.913570852014587
5,18,22.29346621270591
5,19,22.97078410664903
5,20,27.142996934798024
5,21,22.59991660132663
5,22,23.4745340086659
5,23,27.92910281696239
5,24,24.490486824104863
5,25,24.319005517576244
5,26,26.106449088063236
5,27,26.698253917778075
5,28,31.47521656806644
5,29,28.37085919788773
5,30,28.57352716955311
5,31,31.616946135463458
5,32,28.818071801026026
5,33,32.76612457389139
5,34,33.55490863650894
5,35,28.994751643373423
5,36,30.144597189461322
5,37,32.89177138612852
5,38,32.642511109065076
5,39,33.25895618134739
5,40,31.713320767986236
5,41,32.21038710451957
5,42,34.11144646552417
5,43,33.099591643639855
5,44,33.68915033019087
5,45,33.3190121254549
5,46,35.20539149274818
5,47,33.2447355563491
5,48,35.28097631213732
5,49,33.059564390342544
5,50,36.63494318180018
5,51,33.53718814265472
5,52,33.52399078026468
5,53,35.16807860746862
5,54,32.07265107497981
5,55,35.919666603520255
5,56,34.15530752241169
5,57,33.30271194643597
5,58,39.23612395887347
5,59,36.97218468238031
5,60,34.98279370422343
5,61,36.32781159543987
5,62,33.145970911730124
5,63,35.667949631306215
5,64,32.22695190128205
5,65,31.737465120362316
5,66,31.660942245681483
5,67,35.216061082231775
5,68,34.54819117558868
5,69,30.87743492248238
5,70,34.736006550521985
5,71,32.19566851817917
5,72,34.49317263365844
5,73,33.58325280448318
5,74,32.44973438112781
5,75,30.792186496192002
5,76,30.365856140167026
5,77,30.768213980562212
5,78,28.943991294107136
5,79,28.024957516542145
5,80,29.146737913853915
5,81,29.91118170137021
5,82,30.78156689312395
5,83,28.316810454870044
5,84,28.148479196603514
5,85,28.18658775831857
5,86,23.91093831563473
5,87,26.268285561442287
5,88,28.051483971648565
5,89,24.732713401446585
5,90,24.732076731913136
5,91,26.393847638750152
5,92,21.556890801844542
5,93,21.254364874366367
5,94,21.356310358397483
5,95,22.57783692199424
5,96,21.830567921609838
5,97,21.80141952821097
5,98,20.32144778614417
5,99,20.125951168676657
5,100,16.60308832140663
5,101,18.61252853260102
5,102,18.35929875629063
5,103,16.693864985591503
5,104,16.1940387245437
5,105,11.751274359280089
5,106,17.77109148302323
5,107,12.287618820895055
5,108,14.52530578976728
5,109,10.766010727301325
5,110,9.483090759605743
5,111,11.755683784993344
5,112,7.91255184139978
6,0,12.04827960273388
6,1,9.737353847400477
6,2,8.977923005441546
6,3,13.74793626967385
6,4,14.327415398178577
6,5,14.566562747128009
6,6,11.67042477191589
6,7,14.841153167012411
6,8,15.339985822622005
6,9,16.428572604848036
6,10,18.288169986136033
6,11,17.202344313597067
6,12,20.141225301206525
6,13,19.318516817683804
6,14,21.755365704602493
6,15,21.573429798790595
6,16,19.168588312793066
6,17,20.02678898944624
6,18,24.60383641235792
6,19,22.15958932555548
6,20,21.245877762936104
6,21,24.663520913383955
6,22,23.93716469488104
6,23,24.710643709713604
6,24,31.00945120479286
6,25,24.97080805674707
6,26,25.162427264383705
6,27,30.685869334672415
6,28,27.883051891477194
6,29,27.36594374005827
6,30,29.99515850761462
6,31,29.50238328336064
6,32,31.22281901920409
6,33,30.85633311902795
6,34,30.889977732475746
6,35,30.71260971140111
6,36,30.67753990806068
6,37,33.35317275821895
6,38,30.28060823579485
6,39,36.85035378046909
6,40,31.417296214526306
6,41,31.157948415872593
6,42,34.25310085291236
6,43,30.971184787588655
6,44,36.031000932519966
6,45,35.92817354746325
6,46,32.42069526466715
6,47,34.89930593507728
6,48,34.399562174373465
6,49,36.33692231032072
6,50,34.35587524779204
6,51,33.75927322483263
6,52,34.32791977010908
6,53,33.971184128189016
6,54,35.65015323849761
6,55,37.0629599636795
6,56,33.352306650653915
6,57,36.57637355853555
6,58,33.278192880686596
6,59,35.380908360854725
6,60,36.747520949899425
6,61,35.88419679962895
6,62,33.49201440985061
6,63,35.9199612459485
6,64,35.872567407463364
6,65,32.22337820915424
6,66,33.80438095491261
6,67,33.20832062588764
6,68,32.74446014466396
6,69,33.95961443748706
6,70,32.0886996200516
6,71,32.198665145907825
6,72,32.86511874866324
6,73,30.558133935738006
6,74,31.867830632654307
6,75,31.94318157205142
6,76,31.316591731290224
6,77,29.451788198167378
6,78,29.480988968860782
6,79,28.316947609092274
6,80,29.83538706228407
6,81,27.067242058410574
6,82,26.292031014762923
6,83,26.81709226375675
6,84,27.07616681237595
6,85,26.62969235739818
6,86,25.49899686574575
6,87,25.502306261644172
6,88,23.08077866027816
6,89,23.477910093290056
6,90,22.717145753896766
6,91,23.74765341101777
6,92,21.23100284815382
6,93,22.359242327607873
6,94,19.93825901574082
6,95,19.872157299022366
6,96,23.543636129330153
6,97,19.679515860104765
6,98,17.80237989634558
6,99,17.897971065439894
6,100,16.868586431487095
6,101,15.05600318475968
6,102,15.885509401564317
6,103,16.855859041788655
6,104,13.323527214670253
6,105,14.04590846981834
6,106,12.597402722082961
6,107,12.340714424707825
6,108,12.515828359351023
6,109,12.293795541475218
7,0,8.957859488934186
7,1,11.968070825755069
7,2,14.174736288893307
7,3,14.322992603903776
7,4,13.57168412756484
7,5,12.273226617897109
7,6,14.547091784578777
7,7,17.052991054982016
7,8,17.66085172734081
7,9,18.697743384575805
7,10,18.871099989530077
7,11,19.31792573718146
7,12,20.52012144179388
7,13,23.43638307148076
7,14,23.166645067463087
7,15,25.51540574328193
7,16,23.5037752167898
7,17,25.167997019553468
7,18,24.001779486995524
7,19,27.77329302647436
7,20,28.881490872925628
7,21,27.854513984647852
7,22,27.417377024181537
7,23,32.05296232796416
7,24,30.203120328504927
7,25,29.398779611231255
7,26,32.779077666290945
7,27,30.940666526352448
7,28,34.45926592370888
7,29,30.649042571567456
7,30,31.00348703568219
7,31,34.26905344985342
7,32,34.12467567198067
7,33,35.39074408057927
7,34,34.147146519610345
7,35,34.552167208565955
7,36,34.63296383377198
7,37,34.5181617107495
7,38,35.25107784273144
7,39,37.47562224127906
7,40,33.618407882846384
7,41,36.76033056505071
7,42,32.9083042412924
7,43,34.45731898538452
7,44,37.18475804658367
7,45,32.77573987329619
7,46,36.624519227778684
7,47,34.51641476251716
7,48,35.20903532158375
7,49,34.18406994001803
7,50,36.07415022077908
7,51,32.490441997087984
7,52,32.275045815960006
7,53,28.29309486205226
7,54,32.33338530494562
7,55,31.250506406937784
7,56,30.26406998167933
7,57,27.40811367418771
7,58,26.917565240641007
7,59,27.100258402570713
7,60,28.58953674060744
7,61,27.075826105660646
7,62,21.34938901264757
7,63,26.124236891793807
7,64,27.87325938520579
7,65,25.533902282765986
7,66,23.047346782381098
7,67,22.828004747843256
7,68,20.651095683304415
7,69,16.23135147482727
7,70,21.33699707289769
7,71,16.22873761401351
7,72,16.132932371131574
7,73,17.031159831228237
7,74,15.497619895178854
7,75,13.808401287772753
7,76,13.551917831476498
7,77,9.942559041217113
7,78,11.724298396185247
7,79,8.049294918297889
8,0,10.760569634556031
8,1,9.430530513957194
8,2,10.940382299815239
8,3,14.536628483933114
8,4,12.658345964574284
8,5,12.40960616728203
8,6,16.565906343572472
8,7,15.068089381274174
8,8,14.979602375616622
8,9,18.50134412324623
8,10,16.623524847875753
8,11,18.438604235150667
8,12,17.982790288747687
8,13,17.18405829142721
8,14,20.226777986998403
8,15,19.489763291208106
8,16,20.326557518660152
8,17,19.466148212984322
8,18,25.251875448999655
8,19,20.938032914925287
8,20,23.863859359589757
8,21,23.97854511949098
8,22,23.612268994661164
8,23,24.423823051324916
8,24,27.70253839957937
8,25,27.21349527359026
8,26,25.87339215204688
8,27,24.818138624647055
8,28,28.820993554310462
8,29,29.501624317153045
8,30,27.94311457767153
8,31,29.301673927723655
8,32,32.108109192015675
8,33,28.93895775040308
8,34,28.983825586609814
8,35,31.069963460984077
8,36,32.6167679677582
8,37,33.67611028324317
8,38,34.44269183042383
8,39,33.16251087587966
8,40,33.000335138880985
8,41,32.917931082504985
8,42,34.38729313706571
8,43,33.300440355517374
8,44,33.64396036841095
8,45,34.762617664003244
8,46,35.0636352762554
8,47,33.547266526916935
8,48,34.76413378545328
8,49,32.20781930669504
8,50,34.56484516174842
8,51,34.648680021256446
8,52,36.39324481814009
8,53,33.63528838808406
8,54,37.59244244110115
8,55,36.33255544167364
8,56,35.3670050538476
8,57,35.86857273523452
8,58,34.593155381797
8,59,31.007740236670358
8,60,34.27163200939302
8,61,35.53301850414859
8,62,35.0559666724855
8,63,33.568442475266295
8,64,35.751416914708905
8,65,32.14158844961617
8,66,34.06843467786012
8,67,33.82163133123689
8,68,32.763828450388395
8,69,32.70147261720247
8,70,34.402643659057695
8,71,31.171266799091985
8,72,31.016137830707937
8,73,31.239982597561582
8,74,31.452897349478185
8,75,30.04279773415723
8,76,30.37607366095357
8,77,28.314569023039294
8,78,31.070102942440723
8,79,31.036648008336968
8,80,27.492521040080852
8,81,27.727776131543887
8,82,26.39599486284638
8,83,26.46842560935969
8,84,28.335856287605864
8,85,25.327419829319563
8,86,23.029938939315073
8,87,26.454591781884375
8,88,24.153863698786058
8,89,22.29605115259601
8,90,23.636549590780884
8,91,22.115385014722722
8,92,20.789270468673372
8,93,21.55863996419557
8,94,17.998909672819718
8,95,18.35056611862824
8,96,18.848570810800176
8,97,17.264227226135468
8,98,21.861051855413194
8,99,17.007345147726543
8,100,17.34087703276683
8,101,14.543217431847147
8,102,14.98106086370172
8,103,18.359746988525274
8,104,14.153034828875178
8,105,13.026417855540386
8,106,8.741539734533813
8,107,11.667588689650717
8,108,11.788873695217237
8,109,9.303442246478225
9,0,10.520255257634489
9,1,7.544574937718913
9,2,9.365299038286107
9,3,12.491482424279246
9,4,13.67612861243635
9,5,13.331398550367613
9,6,15.01547351125461
9,7,15.409597729492273
9,8,14.105413627515315
9,9,17.089466328000118
9,10,19.053338224753652
9,11,16.01675825925654
9,12,16.53079167206127
9,13,18.016812922269956
9,14,19.47320864502872
9,15,18.823487194259172
9,16,20.838776280884133
9,17,19.89712303932314
9,18,23.245953185207277
9,19,22.456104919802087
9,20,22.951791817210918
9,21,24.26103190264533
9,22,22.974074883481382
9,23,22.727465095692754
9,24,25.35117916148736
9,25,26.881477171218624
9,26,28.114381765294205
9,27,28.012069968862214
9,28,28.61347915957911
9,29,31.69660845997275
9,30,27.765937735254038
9,31,29.459368495030702
9,32,27.84088521031685
9,33,28.025828901036874
9,34,29.043506194192975
9,35,29.2220097732023
9,36,30.476864266694314
9,37,29.25092388759706
9,38,30.846233893081706
9,39,31.41905768927452
9,40,32.22558002174419
9,41,33.23854502580419
9,42,34.43181999551963
9,43,32.77367447161969
9,44,32.198991328411665
9,45,34.050497656118324
9,46,32.62544029594668
9,47,35.7981836612027
9,48,32.93814885089809
9,49,35.22678918554313
9,50,34.22169242757548
9,51,34.902662990892914
9,52,34.69321205787133
9,53,33.51559314072712
9,54,35.46446748189572
9,55,36.829300257201965
9,56,37.23012095160228
9,57,35.85736566153901
9,58,34.391379679637296
9,59,34.81659569664218
9,60,35.59229034566096
9,61,36.95098149578483
9,62,36.39193283570265
9,63,33.183107268964235
9,64,33.0932767671609
9,65,32.97458774828927
9,66,37.41427767570702
9,67,33.07310125907858
9,68,32.838845545628125
9,69,35.35964354245439
9,70,33.544402405323275
9,71,36.187513698591914
9,72,36.877476890942745
9,73,31.566469560015932
9,74,34.47001335953983
9,75,30.003739677715625
9,76,31.646205255624157
9,77,33.16977043333955
9,78,32.62735109343103
9,79,33.866886103852586
9,80,31.196233994552994
9,81,29.237999900224867
9,82,27.97688690988275
9,83,31.170396522957766
9,84,30.88570956029748
9,85,31.5281400939037
9,86,30.13532643793591
9,87,26.87321589235727
9,88,29.582943963932752
9,89,28.46285591271838
9,90,28.35346098878826
9,91,28.86282268186305
9,92,27.277955933138287
9,93,25.09322201330286
9,94,25.092129986294964
9,95,22.80321391630767
9,96,22.052585797531464
9,97,20.799463965002175
9,98,21.760974949364712
9,99,21.381852822459347
9,100,19.36599268559872
9,101,23.145020665852392
9,102,21.479087807446458
9,103,22.925578053911643
9,104,19.197922679400662
9,105,19.741013356308066
9,106,17.87196105196783
9,107,17.20370876121981
9,108,14.2444586776247
9,109,15.060043352003209
9,110,14.045484171850305
9,111,13.979720782826032
9,112,14.449724869574693
9,113,14.617220074345736
9,114,11.547552538753093
9,115,9.987143561584013
9,116,10.86977046769664
9,117,12.271617454613718
9,118,11.386206582547626
10,0,9.25511409681585
10,1,10.731735238261376
10,2,14.373194389453364
10,3,10.425703457338471
10,4,13.189645901792971
10,5,16.296143136261193
10,6,15.188803895206142
10,7,14.70960174762454
10,8,17.66283253588984
10,9,16.067040769292166
10,10,19.46808208033506
10,11,20.94269204947368
10,12,20.763827854257705
10,13,20.79314553259989
10,14,25.206459296873273
10,15,25.39905755316309
10,16,22.414836609007413
10,17,22.12861050823924
10,18,28.85876425634253
10,19,24.14191556837411
10,20,28.43367598314078
10,21,25.32684734638468
10,22,29.028768904537174
10,23,28.469624376425013
10,24,28.86896527464771
10,25,29.53968525550726
10,26,32.2570962610273
10,27,36.73331542798462
10,28,31.85364240686017
10,29,31.818386489507265
10,30,31.25022374262108
10,31,32.71467520344376
10,32,35.500360245428126
10,33,31.827337779277492
10,34,32.74842952152947
10,35,35.77533796111848
10,36,30.33520769476914
10,37,35.46783167315122
10,38,34.278001454344775
10,39,34.65005016465961
10,40,35.28437152817503
10,41,32.786283971784364
10,42,35.344512444374125
10,43,33.01510882499765
10,44,38.649729964198606
10,45,37.04522811379272
10,46,34.71455927035531
10,47,33.9336244419044
10,48,32.567640777165074
10,49,33.60516665704447
10,50,31.744701960037336
10,51,34.48133040643593
10,52,31.711843621625587
10,53,30.018440955146232
10,54,34.0594840470155
10,55,32.61879410244793
10,56,32.57377836065681
10,57,31.408317303485987
10,58,33.60706951782935
10,59,30.224604936333247
10,60,31.20143011471013
10,61,32.69123595110251
10,62,29.294049394834115
10,63,27.33068096024502
10,64,25.647223585077995
10,65,28.313839991133815
10,66,27.270831731973537
10,67,24.115324035275727
10,68,22.15298545024779
10,69,23.872437027136158
10,70,21.15277215990927
10,71,22.70045391823813
10,72,20.350081771285637
10,73,20.686596570113927
10,74,15.788979028022162
10,75,18.37486377290474
10,76,13.876153502778815
10,77,14.148559593774262
10,78,15.455034358985998
10,79,13.352778864668581
10,80,12.456994179629262
10,81,12.575216858060589
10,82,9.91238369512256
10,83,10.765845001899047
11,0,9.658232566747628
11,1,7.809460812779638
11,2,12.593288845317863
11,3,10.128796556151276
11,4,10.510952600875163
11,5,15.021229499533762
11,6,14.346028260478642
11,7,16.90837491362174
11,8,17.316165137188868
11,9,16.608031738259058
11,10,19.185294520165073
11,11,21.766340465626485
11,12,18.900822508921596
11,13,19.44709949845776
11,14,20.104452358219532
11,15,22.05704208226966
11,16,25.0073575479239
11,17,21.75247873049392
11,18,25.550876996322543
11,19,22.12480733839033
11,20,25.594839283864857
11,21,27.031819284390437
11,22,23.775666538452704
11,23,28.128016354072944
11,24,30.44052791626645
11,25,31.12258928738289
11,26,27.254199440699857
11,27,30.10515595724852
11,28,32.02679441466496
11,29,28.78943341201893
11,30,31.95921065484102
11,31,31.138713956220396
11,32,35.61673928954919
11,33,34.28533115728279
11,34,33.744818735129826
11,35,33.83111739323797
11,36,32.615635539083044
11,37,33.8444622343339
11,38,33.35712980470121
11,39,34.68669263269907
11,40,34.618670134293836
11,41,36.71533783744278
11,42,34.831734730209675
11,43,33.85273050617614
11,44,36.39241564929957
11,45,36.391908116943
11,46,35.7047685709488
11,47,33.24828016213258
11,48,35.085544444850804
11,49,36.530127198120375
11,50,32.89340534598871
11,51,35.4624068066555
11,52,34.475685595656174
11,53,33.59299114656357
11,54,33.17491171503443
11,55,32.26442367753398
11,56,34.43338095833653
11,57,35.58733495127201
11,58,33.495621902612356
11,59,29.918840767146698
11,60,32.59142024432031
11,61,28.86699812319865
11,62,32.00897505312681
11,63,31.80022796632448
11,64,30.728915056658487
11,65,29.09632827582805
11,66,30.765822432755147
11,67,27.595119064431266
11,68,27.099159801313945
11,69,26.464700565593862
11,70,24.2423568884086
11,71,26.012810091486976
11,72,24.572282177414383
11,73,22.754474822195846
11,74,19.25265791600597
11,75,20.419306806187777
11,76,21.57711597707805
11,77,14.966815473614005
11,78,23.359279703582693
11,79,19.309023737404488
11,80,18.111324237857975
11,81,15.871588043990226
11,82,16.22745689355628
11,83,15.819534707336414
11,84,15.495261561724146
11,85,12.79957658045949
11,86,11.407795923366832
11,87,13.45657401217793
11,88,9.871478304913598
11,89,10.842185196642646
12,0,11.598782431106887
12,1,12.006307254414633
12,2,9.244281067149467
12,3,13.202818293085596
12,4,13.821181847681274
12,5,14.880365874584474
12,6,16.324413908579587
12,7,18.17849474489886
12,8,13.74322727179868
12,9,17.19680536065895
12,10,17.53652037810052
12,11,16.701593884979072
12,12,20.314278748850196
12,13,20.430086636586015
12,14,22.804659229932962
12,15,23.687389699735114
12,16,21.73349205115171
12,17,23.168152566404398
12,18,25.608030655256
12,19,26.695913580939216
12,20,25.186597915430056
12,21,28.30775298673354
12,22,28.268578790503064
12,23,27.783056813048724
12,24,28.9404985229888
12,25,26.430962428914047
12,26,31.150782325004013
12,27,27.081426248979128
12,28,28.848447103715166
12,29,30.60807544045763
12,30,30.31776146626084
12,31,31.696775487806686
12,32,29.79424328656597
12,33,31.70804134588056
12,34,30.62205585599352
12,35,30.577266957958567
12,36,36.06963346447742
12,37,35.07134554176805
12,38,34.380820932171396
12,39,34.82440895990352
12,40,35.72311744537418
12,41,35.44948360276405
12,42,33.78349409122408
12,43,35.337014997406605
12,44,35.7316097035635
12,45,37.35730505022044
12,46,34.66085076698541
12,47,32.629836891753556
12,48,35.42610208397009
12,49,34.84998757759915
12,50,35.960444226958685
12,51,35.30199412250711
12,52,33.937883748582635
12,53,32.191254532766216
12,54,35.74416559908831
12,55,33.20672401634142
12,56,34.74768187247508
12,57,34.03865310017523
12,58,33.56452406382882
12,59,32.5074852646241
12,60,32.03209657169354
12,61,31.421349839544703
12,62,31.569845207836952
12,63,33.01409209716817
12,64,31.129589639046568
12,65,30.556529212886893
12,66,30.24322702659513
12,67,32.008016038506916
12,68,30.28572807467741
12,69,27.235597823854608
12,70,25.512482535860787
12,71,25.635315146694595
12,72,29.01603656229798
12,73,27.42655960277203
12,74,26.481079796371787
12,75,25.788316252253267
12,76,25.07063518791691
12,77,22.804018272500585
12,78,22.536548672131264
12,79,21.51021719481246
12,80,19.075371229360776
12,81,18.91929567596252
12,82,19.791900726003597
12,83,17.489131260127643
12,84,16.991108426916124
12,85,16.257876672239178
12,86,16.281158654282752
12,87,14.577070258561832
12,88,13.221384834276092
12,89,13.938797149233785
12,90,12.939744299246541
12,91,9.953765173116427
12,92,12.408691933503892
12,93,9.742285146808376
13,0,9.457855441286767
13,1,9.732688167227696
13,2,11.601234439081693
13,3,12.97746750505744
13,4,11.390351998197842
13,5,14.308622623136918
13,6,16.350508677465093
13,7,15.99290725281282
13,8,17.488527948390814
13,9,17.581699085887497
13,10,19.60528156167062
13,11,17.46562283748731
13,12,17.53059809960082
13,13,18.133605963696564
13,14,21.040319440800143
13,15,22.810954024279738
13,16,18.570225362778494
13,17,23.361656210877047
13,18,22.0922798979097
13,19,23.34244203908318
13,20,25.057527154130835
13,21,22.953884154487564
13,22,24.81857669405555
13,23,23.808980691494277
13,24,23.34078683898467
13,25,23.38048989666299
13,26,29.200698843772816
13,27,28.94289711605455
13,28,29.33219265617328
13,29,28.103605293980436
13,30,31.037452768083625
13,31,30.067959779948684
13,32,28.77593398004771
13,33,30.56068418921522
13,34,30.828139768752145
13,35,30.30791017815589
13,36,31.97785499078383
13,37,34.41898144183796
13,38,33.76023957809717
13,39,33.654932371455175
13,40,34.46240351607013
13,41,32.946179182400876
13,42,35.70978032928608
13,43,33.27114620282144
13,44,32.555994244160246
13,45,34.01264398136197
13,46,34.132410668693396
13,47,35.99758521009612
13,48,36.69298519075909
13,49,37.3805425899869
13,50,34.41540363347554
13,51,34.04067860640815
13,52,32.4803975808005
13,53,35.857948088178034
13,54,37.87947770194149
13,55,34.756488457057365
13,56,34.65545982742456
13,57,34.68636608271955
13,58,36.78978619480249
13,59,35.22369044504265
13,60,34.73585008456294
13,61,34.01244637124901
13,62,34.68800023547886
13,63,33.03213306534716
13,64,36.21108488943965
13,65,33.977444511889715
13,66,34.338926105479786
13,67,33.048314864482315
13,68,31.581592356436364
13,69,31.08788112745329
13,70,31.060521614247335
13,71,30.25209254743037
13,72,28.760083162084214
13,73,32.892168439235135
13,74,31.241621574810697
13,75,26.63125011791465
13,76,28.72305562064229
13,77,27.615762140432693
13,78,32.5517176264109
13,79,28.46745367404927
13,80,28.465838006694373
13,81,27.16179026272878
13,82,25.47089878621234
13,83,24.689950195083536
13,84,23.96586602808983
13,85,24.792527410446944
13,86,25.895789998759405
13,87,25.020268558448667
13,88,20.43323894653382
13,89,21.306278333494113
13,90,24.33717633198288
13,91,21.519891369476877
13,92,18.66709424291347
13,93,21.222400295438486
13,94,18.476033940080924
13,95,19.57491455821073
13,96,17.705811737031265
13,97,16.457857328916013
13,98,14.084434011351785
13,99,15.532704253414307
13,100,14.00554442493563
13,101,10.656127008472689
13,102,14.01895799306153
13,103,9.107264496094777
13,104,10.04221394523955
13,105,10.382057318453882
13,106,8.618540703862209
14,0,8.87830854177058
14,1,11.519014594729073
14,2,12.400462974061886
14,3,13.09537611004127
14,4,14.647240939214939
14,5,12.221045888287644
14,6,14.778686705502244
14,7,17.93178815260343
14,8,17.14519018406498
14,9,18.32406645039124
14,10,19.4621906846502
14,11,19.49487780292677
14,12,20.762070835387416
14,13,19.16642594760482
14,14,21.701983361564842
14,15,21.15792619784303
14,16,22.914617143887742
14,17,22.017805575385132
14,18,23.641529909485545
14,19,25.901087753081264
14,20,27.09812540118454
14,21,28.74300696774946
14,22,25.689290573945094
14,23,28.422275162780515
14,24,28.049280142562083
14,25,30.851220430129032
14,26,29.46265672427691
14,27,28.97807273369235
14,28,31.222269255446296
14,29,32.97776052916802
14,30,32.140525123593505
14,31,34.90533719927462
14,32,31.064895672034037
14,33,33.20547360935036
14,34,32.97448397516352
14,35,32.55916670808584
14,36,35.50611849606847
14,37,34.45715200394516
14,38,34.435511662136385
14,39,32.204326053078525
14,40,36.74908614907037
14,41,37.37471351195635
14,42,34.342219416199924
14,43,32.15172141511077
14,44,36.371211851928685
14,45,32.88142089485326
14,46,34.14277884041795
14,47,32.72295348673369
14,48,35.97868703257506
14,49,34.12085124111084
14,50,37.07833823161066
14,51,33.3111923959582
14,52,34.54614674760531
14,53,33.99409035771236
14,54,36.1205478355115
14,55,35.85854926165963
14,56,34.77237494959612
14,57,34.34657678585581
14,58,32.270292691507805
14,59,34.21012100482058
14,60,33.266560396523275
14,61,33.29965094329216
14,62,32.63618483391173
14,63,33.40216501678642
14,64,30.171427944112008
14,65,31.4585537555729
14,66,29.500226570185323
14,67,27.449752056263137
14,68,25.0567204928422
14,69,26.923103697855275
14,70,27.030460734172923
14,71,29.021402824714933
14,72,23.277203798165413
14,73,22.036000373246956
14,74,24.66340732919883
14,75,24.062053401583405
14,76,22.7752271781287
14,77,23.289775586614958
14,78,22.507868075437962
14,79,18.310157205220204
14,80,20.000400026251107
14,81,20.276649115393063
14,82,16.99935130532252
14,83,16.66583796123776
14,84,16.203861607822002
14,85,18.12794696218289
14,86,14.392743026988889
14,87,15.909074873237245
14,88,15.567097821902331
14,89,12.972054738745953
14,90,13.406570868759081
14,91,10.217121464817767
14,92,9.775522778892881
15,0,5.332383683085462
15,1,6.058782713637952
15,2,9.018091654785229
15,3,11.263119228094657
15,4,12.64790650256883
15,5,13.62444425043168
15,6,15.505045731144754
15,7,21.282123333309585
15,8,22.224903751056473
15,9,23.492336132761253
15,10,26.870222601355447
15,11,30.84037536299743
15,12,34.117564124911425
15,13,35.607338616785675
15,14,38.933087846295045
15,15,36.7609085978887
15,16,38.94406965039923
15,17,42.04644172214149
15,18,41.53874502043183
15,19,39.97791274805458
15,20,37.01114991878912
15,21,38.74126282669367
15,22,35.90066519448493
15,23,35.239521236935516
15,24,29.854247129196704
15,25,29.89333606361507
15,26,27.623774539657553
15,27,19.956805479485535
15,28,20.01287490624546
15,29,16.9140890094698
15,30,16.283721427764466
15,31,10.118914607221347
15,32,7.890404904284038
15,33,8.829253105564447
15,34,8.117514053823138
15,35,5.697985429272065
15,36,8.104289704528714
15,37,4.760675025790576
15,38,1.324176581951306
15,39,0.30086160971528253
15,40,0.6196564552448645
15,41,0.4955028616485494
15,42,0.0
15,43,0.0
15,44,0.47951923968612914
15,45,0.3578655277540542
15,46,0.16765471122733644
15,47,0.013818155991709546
15,48,0.0
15,49,2.5825269652940115
15,50,0.5875981763031445
15,51,0.0
15,52,0.0
15,53,2.9757294186535743
15,54,0.0
15,55,1.7410832130805065
15,56,1.054226770054709
15,57,0.7597786925661507
15,58,0.2876584220785701
15,59,1.2930653425046128
15,60,3.808580736968058
15,61,1.5877553818539476
15,62,6.4430852094023985
15,63,13.034801255884702
15,64,11.153794436958577
15,65,17.89426785447335
15,66,24.589415086192744
15,67,31.584419438005153
15,68,35.077256473776366
15,69,39.81978710309302
15,70,38.27222126050301
15,71,38.650160081528576
15,72,37.56626932397026
15,73,33.75148811704172
15,74,30.53725962086197
15,75,18.272218158729313
15,76,17.674263168219607
15,77,11.492721953647836
15,78,9.123318465405042
15,79,6.874746084332513
15,80,2.6416426720675874
15,81,0.0
15,82,0.0
15,83,0.0
15,84,1.6041389771286507
15,85,0.4345656571508666
15,86,0.0
15,87,0.0
15,88,0.4845989092110299
16,0,4.619990982301209
16,1,3.712179818018932
16,2,7.03549545792059
16,3,7.232314696863427
16,4,10.575653209236268
16,5,12.52211629778165
16,6,15.214117739771435
16,7,18.903073301429906
16,8,18.317732949909637
16,9,21.897251442440858
16,10,22.48871719858164
16,11,23.60625751729834
16,12,27.35767815264331
16,13,29.3475802451969
16,14,32.631068272954316
16,15,37.91804524877699
16,16,37.2633155264317
16,17,37.4550791211445
16,18,36.58061134344567
16,19,39.28377572033493
16,20,41.063143513400206
16,21,40.0551594831833
16,22,36.699864046535254
16,23,39.52365474285936
16,24,37.904129292762036
16,25,37.34208880335412
16,26,31.6418609715029
16,27,31.65400220478441
16,28,31.06519718885802
16,29,28.82008421293678
16,30,25.44757318805477
16,31,23.994556075190932
16,32,22.326062023928728
16,33,18.14934893380975
16,34,16.29225002777697
16,35,15.940471942849122
16,36,12.132920778530954
16,37,11.720666796525942
16,38,10.837633483091064
16,39,8.782370820385832
16,40,7.732961402089323
16,41,4.359491650184515
16,42,2.77677250700031
16,43,7.055614463157504
16,44,1.3216799241376989
16,45,0.0
16,46,3.776087658576073
16,47,0.4972309008896044
16,48,1.1421593993310044
16,49,1.3819907608012425
16,50,1.8243890926885162
16,51,1.8385833922725574
16,52,0.0
16,53,0.0
16,54,2.277275179786315
16,55,0.40557144257988187
16,56,0.0
16,57,0.0
16,58,0.0
16,59,0.0
16,60,1.3320759116641026
16,61,0.0
16,62,1.5307288346955485
16,63,1.8811988482763973
16,64,1.5659838217540052
16,65,0.0
16,66,3.361821793839887
16,67,1.9491278139414328
16,68,3.3676422162438655
16,69,2.544676684156407
16,70,2.9340165261142728
16,71,2.525978783473315
16,72,6.541697276141724
16,73,8.318254055571476
16,74,13.302157050254776
16,75,16.88651612158494
16,76,21.740581135869924
16,77,24.8577128523458
16,78,29.848909978587127
16,79,34.389317972341324
16,80,39.877767040283956
16,81,41.44270068074969
16,82,40.10251482605574
16,83,40.267257997696106
16,84,36.68836944002066
16,85,32.44904679405553
16,86,26.096020585838986
16,87,22.49675381244361
16,88,18.45369421807202
16,89,13.833052848858442
16,90,12.299207136028652
16,91,7.327343289455986
16,92,6.04049072135387
16,93,1.7700814912325291
16,94,1.4983807471071597
16,95,0.3177145787339857
16,96,1.7837882938904457
16,97,0.15735891302290533
16,98,0.0
16,99,0.0
16,100,0.0
16,101,0.0
16,102,0.0
17,0,4.846148496857694
17,1,7.92861461048109
17,2,7.419478369376491
17,3,10.367188363516497
17,4,10.482027549200673
17,5,15.09424796941811
17,6,14.414598898090658
17,7,20.14791882826961
17,8,19.14185834403049
17,9,23.753115712311583
17,10,25.945433186287183
17,11,29.508703990923216
17,12,32.75332924910523
17,13,34.723725975791325
17,14,39.541627330605074
17,15,38.81857985484092
17,16,39.63450615035678
17,17,41.23515840071593
17,18,39.97418742004874
17,19,37.59000645615893
17,20,42.01492609614928
17,21,40.65485278380067
17,22,36.16587031492696
17,23,33.407998690553924
17,24,31.30526342159491
17,25,30.606717765539543
17,26,28.171909302093248
17,27,27.752956390568126
17,28,22.649864342833276
17,29,19.946123744845792
17,30,15.496935984173048
17,31,15.989549365686859
17,32,11.224459566093497
17,33,9.69644124978487
17,34,11.311242579865745
17,35,6.45387414377061
17,36,1.2867458578741955
17,37,1.1689674048014123
17,38,5.171142482817363
17,39,5.706933575882597
17,40,3.0948503128158196
17,41,4.716636788968346
17,42,0.0
17,43,0.7143914495104519
17,44,3.230033823136391
17,45,0.4814964045068677
17,46,0.9762749338316719
17,47,0.0
17,48,0.9196955874705286
17,49,0.0
17,50,0.0
17,51,0.0
17,52,1.8675850525373698
17,53,0.06047268292816368
17,54,1.2847446410103394
17,55,0.0
17,56,2.865570306950579
17,57,1.138936682188751
17,58,1.719766353620445
17,59,0.0
17,60,1.3073227967637584
17,61,6.4834306173311855
17,62,4.530635534149196
17,63,4.775813727676124
17,64,6.852775829492008
17,65,11.383509244727863
17,66,16.208553680081277
17,67,22.07576296958317
17,68,29.055493952861596
17,69,36.0561358722589
17,70,35.51273641458002
17,71,37.49024666757366
17,72,40.575269598739396
17,73,41.4745755580344
17,74,37.64957729777142
17,75,32.40601092462233
17,76,27.506925990018853
17,77,23.32997258160017
17,78,12.785449464782186
17,79,11.521792413136826
17,80,8.44318416665046
17,81,6.2854009011436585
17,82,4.4368640880202665
17,83,0.6203385691378496
17,84,1.5111135007835343
17,85,1.6355285173716276
17,86,1.442908405111789
17,87,0.0
17,88,0.0
17,89,1.4421801895188495
17,90,0.0
18,0,4.335369127071595
18,1,6.521415828388106
18,2,5.419532993659947
18,3,11.016903737530807
18,4,8.629113257886884
18,5,9.522058890863917
18,6,15.340525809770243
18,7,12.448161520711722
18,8,19.03158768407583
18,9,20.0190560905167
18,10,21.304109149383656
18,11,22.701868344527323
18,12,25.489585376153727
18,13,24.537890608469134
18,14,26.427562395698978
18,15,31.17800301451004
18,16,32.1864957012844
18,17,33.65319425147523
18,18,35.004830113763646
18,19,35.562229102969106
18,20,38.90420086467304
18,21,36.71512402164773
18,22,39.863100035155405
18,23,39.17220663570219
18,24,38.269809239430565
18,25,39.43266393580065
18,26,36.56285169062312
18,27,39.693195338757256
18,28,34.50184747315236
18,29,36.33767176755288
18,30,35.76180833997929
18,31,30.491987645017062
18,32,31.402514401473788
18,33,30.144097054709498
18,34,27.110886978222915
18,35,24.40629815787844
18,36,23.764963616144854
18,37,22.589150686093593
18,38,18.098361243211052
18,39,18.18468551930416
18,40,14.776717401937422
18,41,15.364309048060836
18,42,8.569428031057837
18,43,9.733141403069704
18,44,10.565194311081576
18,45,8.470966839147096
18,46,3.9554313209076644
18,47,6.39966451849794
18,48,8.66944754113814
18,49,5.636384694986113
18,50,3.8636212457937384
18,51,3.3434481919633012
18,52,2.671359147645764
18,53,0.0
18,54,0.0
18,55,0.0
18,56,0.8095264716581121
18,57,0.0
18,58,1.1214785899651842
18,59,0.0
18,60,1.140098394259295
18,61,0.8779164742329126
18,62,0.27158011835571905
18,63,0.13140028944564636
18,64,3.0670552790476946
18,65,0.0
18,66,0.923453598058565
18,67,0.0
18,68,3.293531199090477
18,69,0.0
18,70,1.1124752183445163
18,71,0.0
18,72,0.0
18,73,0.9146931847998502
18,74,1.1652182493723604
18,75,1.675746193405914
18,76,0.0
18,77,0.0
18,78,1.8620175787997901
18,79,0.0
18,80,0.008565098014972516
18,81,2.2947455852768
18,82,4.972263756485795
18,83,5.058892742207191
18,84,11.052551555954677
18,85,10.100126964624978
18,86,16.051826493850605
18,87,18.085710996882753
18,88,22.03943828019495
18,89,26.399049841707324
18,90,30.505084005773
18,91,30.422728600508734
18,92,38.348375426662
18,93,39.23704525733029
18,94,39.234344185807124
18,95,40.973198242856
18,96,40.69700195135197
18,97,34.345048575866436
18,98,32.21181341716018
18,99,27.7364380424545
18,100,25.119880273388794
18,101,22.048654405247426
18,102,14.330539864345559
18,103,12.412601131429957
18,104,9.61538607240212
18,105,7.930619759588952
18,106,4.683526691157544
18,107,4.9369933758060345
18,108,0.019137192277400406
18,109,0.8495536318471066
18,110,0.0
18,111,2.5046615125810554
18,112,0.0
18,113,2.7632374195729406
18,114,1.798907122509094
18,115,2.291304801607609
18,116,1.7081181781835075
18,117,0.0
18,118,1.5872559021953534
19,0,2.7495967071606655
19,1,4.405662230265716
19,2,5.087958299472794
19,3,7.477790249329908
19,4,10.8707695716037
19,5,14.141135461926362
19,6,14.16461684961834
19,7,16.321120414074382
19,8,19.219195716871667
19,9,22.51330696029707
19,10,22.19492641105943
19,11,23.273096469614096
19,12,26.119872334142645
19,13,32.075499468297835
19,14,34.50358200824708
19,15,32.70555244453672
19,16,36.09108804245832
19,17,37.21301394844531
19,18,36.93914719840403
19,19,37.3912575034978
19,20,39.707676114984956
19,21,40.42369580372666
19,22,38.777181142266336
19,23,37.267026058942925
19,24,37.73510030446709
19,25,35.661196241144076
19,26,35.549073839071184
19,27,33.30116692927267
19,28,32.205344081034085
19,29,32.02887429855966
19,30,26.313520510675392
19,31,25.057547983859457
19,32,22.555555554082446
19,33,21.419543185275565
19,34,18.629732949345374
19,35,16.478174524580965
19,36,13.545573459353244
19,37,12.763325581538432
19,38,12.137388229972313
19,39,6.78563187236378
19,40,7.9248416383423
19,41,9.158216283075962
19,42,5.353657425003482
19,43,4.077871971380921
19,44,3.551525040172871
19,45,1.8124086060267364
19,46,1.9660640895052404
19,47,0.8045891548398978
19,48,0.23010072654420965
19,49,2.707016242896864
19,50,0.0
19,51,2.276060328265909
19,52,2.2130225103071135
19,53,1.7060494599808727
19,54,0.0
19,55,1.1619996281205718
19,56,0.883013382687795
19,57,0.3086765150411432
19,58,0.0
19,59,0.0
19,60,0.0
19,61,0.0
19,62,0.9639213598611972
19,63,0.0
19,64,0.0
19,65,0.0
19,66,0.931348605415022
19,67,0.0
19,68,0.43080364704899404
19,69,0.8364306525802048
19,70,1.6588436301016216
19,71,0.897344929482041
19,72,1.2290811524134537
19,73,3.8587803732224826
19,74,3.393818642314672
19,75,11.155536417431273
19,76,14.104899614530858
19,77,16.36645415644986
19,78,19.542270618986308
19,79,26.140330112713176
19,80,32.401357972245265
19,81,33.120575591881774
19,82,36.83236444653592
19,83,40.001628857825516
19,84,39.17465889618371
19,85,38.156222422382505
19,86,37.95400967796537
19,87,35.98826639128746
19,88,32.29840525357906
19,89,25.34575143933711
19,90,18.76534186359442
19,91,18.439953520031715
19,92,14.733819314218131
19,93,7.904426528132683
19,94,7.6663837578085365
19,95,4.41499236257236
19,96,1.6185698860777729
19,97,2.444749380024499
19,98,1.7660661945967877
19,99,0.592665241559737
19,100,0.0
19,101,0.0
19,102,0.4375669640268437
19,103,0.818776560043567
19,104,1.8171717207725808
19,105,0.9125913224792319
20,0,4.489442975192022
20,1,10.388082298578954
20,2,7.562415390966383
20,3,11.221736209237982
20,4,12.868166347022859
20,5,15.658619106069091
20,6,17.528583233897695
20,7,19.01280296401827
20,8,23.038757043289753
20,9,21.455420724652747
20,10,26.279010961364136
20,11,29.503590746831236
20,12,32.39866216272536
20,13,34.812794529211295
20,14,34.675688493373634
20,15,40.10292095816769
20,16,40.25578950685115
20,17,39.70477854546463
20,18,39.16516982014256
20,19,39.88729987524983
20,20,41.08154235867845
20,21,35.34367920202837
20,22,35.02984123533475
20,23,35.70599199577461
20,24,29.77064820578591
20,25,28.219344766548364
20,26,23.153134536030866
20,27,21.684855735795338
20,28,21.228823477318148
20,29,17.200766012477096
20,30,14.452297311517054
20,31,12.985733306851548
20,32,9.045939270761673
20,33,7.063147478609894
20,34,7.94939586126727
20,35,4.178332811144482
20,36,5.298441938468404
20,37,3.211421043130991
20,38,2.3084072361733288
20,39,3.215725969844926
20,40,2.595680896747249
20,41,1.5660434785061
20,42,0.0
20,43,1.6796401975190143
20,44,1.8861347280701297
20,45,1.760574123792124
20,46,3.9948756743631124
20,47,0.0
20,48,0.2967726440835145
20,49,0.0
20,50,2.1453300120120087
20,51,0.9383915924403209
20,52,3.7280524406080415
20,53,0.0
20,54,0.0
20,55,0.0
20,56,0.0
20,57,0.0
20,58,0.0
20,59,0.8585223197527674
20,60,4.058579770582943
20,61,2.499143538396362
20,62,7.398126589943665
20,63,11.325031620524905
20,64,13.24774399462134
20,65,16.394146251895673
20,66,23.0896117630312
20,67,31.912496887787196
20,68,34.18524583089336
20,69,38.701547159336236
20,70,40.59402743793139
20,71,37.6345086876319
20,72,39.1906088836032
20,73,36.54313750900782
20,74,28.248348104584906
20,75,21.64126793869124
20,76,17.438932357508182
20,77,11.693938314500203
20,78,8.118137583804701
20,79,4.019124692900171
20,80,5.731463758419265
20,81,1.2241819558099192
20,82,2.3929749649803087
20,83,2.1774855258082413
20,84,2.4545036324133784
20,85,0.0
20,86,1.6168737261913269
20,87,0.0
20,88,0.0
21,0,6.180626942599616
21,1,4.9394086869607765
21,2,7.474864122651737
21,3,10.772887248783508
21,4,12.239383534084114
21,5,11.075502018109736
21,6,11.627834887238418
21,7,16.096993061353274
21,8,15.35018608963739
21,9,21.589712102325944
21,10,20.930310423659
21,11,23.41030411879259
21,12,24.178444753446097
21,13,25.5488845446576
21,14,29.574669240180494
21,15,32.956253605932844
21,16,34.51269752096425
21,17,33.45858724353659
21,18,35.028841258427576
21,19,38.09073829755812
21,20,40.41096517107642
21,21,38.94203626134591
21,22,41.780028588361326
21,23,38.79276195527548
21,24,38.43754408132612
21,25,39.64137369143218
21,26,37.554282487816124
21,27,35.07311085311243
21,28,33.76902596558901
21,29,34.89052585078769
21,30,30.90336735317234
21,31,29.346941196315285
21,32,25.227127168155594
21,33,23.31087150573509
21,34,21.93279393859753
21,35,20.33332131174263
21,36,19.75163561359581
21,37,13.64603012115128
21,38,12.06671958709541
21,39,13.463714681083182
21,40,12.033087003965012
21,41,9.742299554612124
21,42,6.446874937821481
21,43,9.794407153211248
21,44,4.656828058246418
21,45,2.43707328939247
21,46,3.4529001808416466
21,47,3.8160981947797765
21,48,0.0
21,49,0.0
21,50,4.226331482275125
21,51,2.456421821684387
21,52,1.7339964964418615
21,53,0.0
21,54,0.0
21,55,0.0
21,56,2.4598739564061844
21,57,4.067886837182708
21,58,0.0
21,59,1.9031772319928548
21,60,2.508897089665871
21,61,0.0
21,62,1.4642485206219393
21,63,0.0
21,64,0.0
21,65,0.0
21,66,0.0
21,67,0.0
21,68,0.0
21,69,0.0
21,70,0.4244370160665398
21,71,3.819891789371572
21,72,0.0
21,73,0.5835619179132824
21,74,2.0537246105722198
21,75,3.3038918585649126
21,76,4.3236200076331786
21,77,3.321384840054993
21,78,6.724504661093414
21,79,8.606875243394015
21,80,15.712361559913608
21,81,21.183487392816406
21,82,20.960160716367792
21,83,26.784952792409346
21,84,27.161988026610903
21,85,36.59394402556377
21,86,39.05673868124801
21,87,40.23391659272823
21,88,38.95403907342856
21,89,39.76689982599994
21,90,35.99287995894578
21,91,32.755997895821274
21,92,29.385864656874137
21,93,27.435617540607545
21,94,22.91910314996046
21,95,19.143420992135294
21,96,16.407470608183488
21,97,10.650215290638025
21,98,6.6478024120746655
21,99,6.544661562784148
21,100,2.0164505428434563
21,101,0.7993986015572769
21,102,3.6690012513585275
21,103,0.0
21,104,0.0
21,105,2.031987536749298
21,106,1.2775299424945055
21,107,0.0
21,108,0.22478290457827452
21,109,0.0
21,110,2.4451551872253954
22,0,6.083226049887855
22,1,7.0463496193997095
22,2,6.034312325818118
22,3,10.536614098721053
22,4,11.076544503035313
22,5,11.074114792369704
22,6,12.511756622399602
22,7,19.069809610703302
22,8,16.168125559050928
22,9,19.813545924759737
22,10,21.078165764470732
22,11,22.70713097965517
22,12,23.61036911035908
22,13,28.77894261941006
22,14,31.75089688344582
22,15,28.82564625835913
22,16,32.68497721438157
22,17,35.4314001891331
22,18,37.813304980101464
22,19,35.4990180272355
22,20,39.89910879151847
22,21,40.62384436014885
22,22,37.16697626742125
22,23,41.76912841406114
22,24,38.806286427723194
22,25,38.224023546329676
22,26,39.24688429841961
22,27,38.10706484297824
22,28,35.82404109389624
22,29,35.543354525527185
22,30,34.90837116042743
22,31,30.837527825122223
22,32,30.617767022990286
22,33,28.90978917813901
22,34,25.915777623696066
22,35,23.650934816453486
22,36,21.12207892358735
22,37,19.96641625152112
22,38,18.980084523023486
22,39,13.823001194405155
22,40,12.923714143842812
22,41,11.848857724631067
22,42,11.51685252622845
22,43,7.564379123218037
22,44,8.063567549791186
22,45,6.9862359272116565
22,46,4.987824563034552
22,47,6.631356461705504
22,48,4.387283543057344
22,49,4.0777145833759105
22,50,4.669107487208718
22,51,1.3905612029804357
22,52,0.0
22,53,1.9087567695963896
22,54,2.083242940755312
22,55,0.0
22,56,1.757667779334909
22,57,2.580981597507816
22,58,0.0
22,59,0.45736131567634347
22,60,0.5724432765215111
22,61,0.0
22,62,0.0
22,63,0.025391805413613397
22,64,0.0
22,65,0.0
22,66,0.7859974368956154
22,67,1.0342657487458033
22,68,2.9578597464723395
22,69,1.5432846903249922
22,70,1.6677098858376942
22,71,0.0
22,72,1.6637874398493664
22,73,1.499792425466302
22,74,0.0
22,75,0.0
22,76,2.1190054188546963
22,77,0.0
22,78,2.494614978299688
22,79,0.0
22,80,2.3891607378093718
22,81,4.9967998942859255
22,82,6.0290637558927695
22,83,8.810096539162554
22,84,13.813815163844678
22,85,17.32356357438592
22,86,16.51453919891137
22,87,22.687095767988158
22,88,29.290649794029164
22,89,29.984388086102207
22,90,35.24604358199357
22,91,37.68419519252008
22,92,40.070986352903475
22,93,40.28944771131832
22,94,38.28405658050397
22,95,37.123025779353696
22,96,35.190844995314244
22,97,33.32802000691936
22,98,26.03650110051616
22,99,20.95697150456786
22,100,21.996766080350397
22,101,12.501650965403485
22,102,14.046405472039813
22,103,8.179946173543614
22,104,5.569686207588656
22,105,7.364662339065563
22,106,3.8426470489154627
22,107,4.863693606522279
22,108,0.22678574123923334
22,109,2.142505801033928
22,110,0.0
22,111,1.1549120512632753
22,112,1.0343411554711337
22,113,0.8593205349808493
22,114,1.1515681045613746
22,115,0.0
22,116,0.6533859035030015
23,0,6.5208623316594645
23,1,6.316536373932822
23,2,8.18244466643544
23,3,10.19563584978603
23,4,14.134366363359323
23,5,16.227286650050765
23,6,16.95630437594472
23,7,21.59132039441325
23,8,20.73783182735995
23,9,27.12792537019344
23,10,29.37185641493551
23,11,31.334695638366302
23,12,31.106730230328058
23,13,36.747930789159774
23,14,37.346479005369375
23,15,40.441672331136836
23,16,36.90640931120574
23,17,40.37790463887814
23,18,39.401936051428095
23,19,36.850938106275855
23,20,38.792959778178535
23,21,32.31249927964696
23,22,34.376871452744155
23,23,32.77420294038068
23,24,29.27916601922528
23,25,25.649604724602074
23,26,22.561365156362754
23,27,20.57294794401346
23,28,14.914864835403087
23,29,16.229505928639057
23,30,12.98485563868122
23,31,10.134255427449926
23,32,9.534764951457687
23,33,7.109289300714942
23,34,4.631777436772415
23,35,6.1897288312588685
23,36,1.476143599065265
23,37,4.428774342468381
23,38,3.1746754404877797
23,39,0.0
23,40,1.326557381249521
23,41,1.771844050152653
23,42,0.0
23,43,0.0
23,44,0.0
23,45,0.0
23,46,0.0
23,47,1.060841566007923
23,48,0.39925675626918256
23,49,0.0
23,50,1.8914219165469803
23,51,0.0
23,52,1.3514007684064573
23,53,1.6505372334284585
23,54,0.592188624069685
23,55,0.0
23,56,0.8679717687119978
23,57,0.35493812721680174
23,58,5.167292326222099
23,59,5.888221202772227
23,60,7.2804773141209225
23,61,11.60943081588516
23,62,14.663019808838511
23,63,22.01433150937717
23,64,25.860760850751
23,65,31.368507416563887
23,66,35.92329281590921
23,67,38.770177988851714
23,68,41.26388650725417
23,69,38.70076565399274
23,70,36.00659790662065
23,71,29.41622171767504
23,72,23.31410049084549
23,73,19.96348046089222
23,74,14.550611215099343
23,75,12.866525173390722
23,76,8.033674428845844
23,77,4.755616814824818
23,78,3.4478020310908115
23,79,0.0
23,80,0.01662776078129935
23,81,1.2719519021886647
23,82,0.0
23,83,0.0
23,84,0.33354505072347734
23,85,0.0
24,0,3.70317816387946
24,1,7.98936278765558
24,2,7.929989791959443
24,3,9.75834869250604
24,4,13.702321662487302
24,5,17.348002697384448
24,6,19.70136221787858
24,7,22.40567684869859
24,8,27.000480384613567
24,9,25.6232747918612
24,10,32.764345341903145
24,11,32.51392178849447
24,12,37.21397247409604
24,13,36.72661324806007
24,14,36.53775119812935
24,15,37.90444066385086
24,16,39.40339823866767
24,17,39.13648405655649
24,18,38.56173472934963
24,19,35.62281413043729
24,20,33.80460365049885
24,21,32.40470062190137
24,22,27.853967613204535
24,23,26.07250190570013
24,24,25.48544207762793
24,25,23.945459803241526
24,26,16.480878860126612
24,27,13.36798716380154
24,28,11.116448140200447
24,29,9.865794287749225
24,30,6.9079735785600755
24,31,10.107677747172131
24,32,5.864155297524219
24,33,5.791866383313196
24,34,4.649891561260159
24,35,0.6097154281342725
24,36,2.6128737574511103
24,37,2.672380649629246
24,38,0.8045296774981624
24,39,0.0
24,40,2.10976746902871
24,41,1.574040764474094
24,42,1.5327294709254968
24,43,0.7483091389182785
24,44,0.0
24,45,0.0
24,46,0.0
24,47,0.0
24,48,0.5799194724299546
24,49,0.0
24,50,1.1133689074758197
24,51,1.8586055360312033
24,52,0.8045923932506759
24,53,0.0
24,54,2.6010883317707045
24,55,5.135396989062674
24,56,5.8341301948650415
24,57,12.949399714362562
24,58,17.062706454460116
24,59,21.865694182024797
24,60,30.194790361017407
24,61,37.31017244305079
24,62,36.33089278884148
24,63,41.36048569150371
24,64,39.04428476333159
24,65,35.74592269403508
24,66,32.61124522373839
24,67,24.939535400215433
24,68,19.26406580391577
24,69,10.868075785517757
24,70,6.44568958313989
24,71,5.884465283370192
24,72,3.080971324057964
24,73,1.5805849114790482
24,74,0.0
24,75,0.0
24,76,0.0
24,77,0.0
24,78,0.0
24,79,0.0
25,0,0.0
25,1,0.08293362021369588
25,2,3.172561478025519
25,3,1.9468188972192846
25,4,3.8298058114119415
25,5,3.3376415739986314
25,6,2.8442179064092117
25,7,4.865426704871002
25,8,6.867119366718415
25,9,6.2991514132044575
25,10,7.8773889888250075
25,11,10.432797783538113
25,12,10.917483670277562
25,13,13.153472831123867
25,14,9.597014320347393
25,15,11.100435703069664
25,16,11.286756164797534
25,17,12.088057738789688
25,18,13.915463526208118
25,19,9.62546487721831
25,20,12.420685684320226
25,21,13.538831968035115
25,22,11.615517495575112
25,23,13.967414287490296
25,24,11.255911349382316
25,25,11.350443300701077
25,26,13.378137805892116
25,27,14.374122984341966
25,28,13.019938925289935
25,29,17.05897791131155
25,30,14.202621866114635
25,31,16.565998672881346
25,32,15.090055171538314
25,33,17.004522137370582
25,34,16.52322769442122
25,35,16.43401430068428
25,36,14.719389653787402
25,37,16.48807447919145
25,38,14.361423883904008
25,39,12.663267944264126
25,40,11.636383337441568
25,41,12.552823164764714
25,42,12.474479147844734
25,43,11.114190675493797
25,44,9.32644193043519
25,45,8.757960352831322
25,46,7.357856784454531
25,47,10.026157929256954
25,48,10.223561356543613
25,49,12.33444620480529
25,50,15.839759865859499
25,51,14.152362397322008
25,52,14.429559476748814
25,53,18.619599425708955
25,54,15.869320950183761
25,55,17.276166317997788
25,56,18.95482351217992
25,57,17.90187266561792
25,58,19.79491727993295
25,59,18.870582557310684
25,60,21.863495513565216
25,61,19.880536730913796
25,62,17.82834623023816
25,63,20.437303057152512
25,64,18.038215062963918
25,65,19.067528004197882
25,66,19.460600486553936
25,67,18.573875295228117
25,68,21.158583043262265
25,69,21.256996014983955
25,70,21.401768454660218
25,71,16.728562277549127
25,72,19.919305658230922
25,73,18.393971095122872
25,74,18.437494821357728
25,75,20.153985123534216
25,76,18.47220546995309
25,77,20.16013674030441
25,78,17.843406796709058
25,79,17.535248212329183
25,80,22.314600890163693
25,81,18.620428067600315
25,82,19.20241676828662
25,83,20.67593644402521
25,84,17.30937740916806
25,85,19.20704040612113
25,86,16.714256205922567
25,87,23.460362403559266
25,88,18.43018710127704
25,89,19.56756318332526
25,90,20.49432137400376
25,91,20.297609550853267
26,0,0.0
26,1,1.0913593299870648
26,2,1.1955593833608167
26,3,3.1802825125062695
26,4,3.522627842973865
26,5,2.5454176681547596
26,6,6.417107978973702
26,7,6.274564982713967
26,8,8.583232489558238
26,9,6.580634532202117
26,10,7.910494966448386
26,11,8.456752191253592
26,12,6.726957847327414
26,13,9.320989018556594
26,14,8.806450114781642
26,15,10.167399550759464
26,16,10.00339114802177
26,17,10.4887279822669
26,18,11.976150711075414
26,19,11.817454444124477
26,20,11.555226214990231
26,21,14.07829142063955
26,22,16.37867736063913
26,23,13.990374701231804
26,24,14.57220764786857
26,25,14.316190158519916
26,26,14.963366453597743
26,27,14.834122487369017
26,28,13.77079291327584
26,29,15.371526832665554
26,30,16.548762894854416
26,31,15.028004744489197
26,32,15.70902752530246
26,33,16.032853340785515
26,34,16.079740088705435
26,35,13.972890136191486
26,36,15.755343069083887
26,37,15.466325203359018
26,38,19.87357421988048
26,39,16.527474708551644
26,40,14.31785835779466
26,41,14.599568717465495
26,42,14.685736617064714
26,43,16.12098260796813
26,44,13.531957681870827
26,45,16.96090072477333
26,46,12.49077977306818
26,47,15.06546841720137
26,48,15.036734690498685
26,49,9.919754537474267
26,50,10.754284408617929
26,51,8.245353866720407
26,52,7.805500399596566
26,53,11.408994210746984
26,54,7.727360055837842
26,55,7.3645485193160685
26,56,9.637231061947425
26,57,10.297851386151622
26,58,8.852709291196748
26,59,10.795816883573956
26,60,10.66555822728927
26,61,15.416517221124273
26,62,13.442731729814605
26,63,17.36695600554713
26,64,18.179904308896734
26,65,18.57132637278399
26,66,18.083924060107808
26,67,18.249850270280195
26,68,18.082760080588983
26,69,16.23398164529064
26,70,20.39612607878982
26,71,20.35041424971352
26,72,20.53241613910148
26,73,21.595366985003427
26,74,16.659912742924604
26,75,19.305795044876316
26,76,20.19930258248658
26,77,17.272172927135678
26,78,18.95379543190103
26,79,19.769382298321105
26,80,20.906868831783516
26,81,17.156433862629658
26,82,20.934424176452506
26,83,18.564867627086933
26,84,18.977268954496083
26,85,19.596777338052863
26,86,19.568025799886552
26,87,20.159052126174185
26,88,17.172222881371617
26,89,18.39245104904885
26,90,21.254141199611475
26,91,20.122904218105663
26,92,21.112415090566724
26,93,22.489165577206162
26,94,18.273096966672476
26,95,19.75948065701593
26,96,19.670812233438333
26,97,18.729625798127653
26,98,19.880769319415688
26,99,18.80284768118278
26,100,19.49029310991277
26,101,22.338192133042718
26,102,19.203198504872297
26,103,17.488727556293714
26,104,21.814133852562193
26,105,21.590639330731836
26,106,18.42582907036713
26,107,18.51693751101936
26,108,20.491552497374897
26,109,18.69652715810546
27,0,0.0
27,1,3.2992337931402806
27,2,2.6127911115365916
27,3,4.66759099210736
27,4,5.684380028960351
27,5,6.091898426909643
27,6,6.888623145688333
27,7,7.723173071549408
27,8,6.149188783653896
27,9,9.394917024835788
27,10,10.444804709115779
27,11,8.629986388246927
27,12,10.005489377457899
27,13,11.755366811198439
27,14,12.766988945094287
27,15,9.760680042530698
27,16,14.348344233282157
27,17,11.124597264641837
27,18,12.07452453537511
27,19,11.470949524493909
27,20,13.940793663431727
27,21,13.515425354571928
27,22,12.716674408331583
27,23,13.031988986643755
27,24,16.44486393981365
27,25,14.544021321988371
27,26,14.919596227488567
27,27,14.8883866092572
27,28,15.905062364783083
27,29,15.564167123941035
27,30,15.763102218333398
27,31,17.13023215796288
27,32,16.99723931241163
27,33,16.324647389975897
27,34,14.081320996864157
27,35,16.574818249009244
27,36,17.667407106402692
27,37,15.149147043415077
27,38,14.548013794085145
27,39,12.68682757931154
27,40,11.31606657335669
27,41,13.370021442749664
27,42,10.58511966913655
27,43,6.208304671077277
27,44,9.560220552564207
27,45,9.707119703844645
27,46,9.15728704590437
27,47,10.282351376162492
27,48,12.003420093041568
27,49,12.151392957230883
27,50,13.989325757509095
27,51,17.954623303053516
27,52,17.11902381249304
27,53,17.040423792750953
27,54,17.778456744661163
27,55,22.167663917986612
27,56,20.428569876432
27,57,18.373865864437327
27,58,20.141365475675766
27,59,20.17006605294521
27,60,19.21639518710128
27,61,20.903218074397238
27,62,18.758858969218135
27,63,20.955321439601466
27,64,21.386234820818856
27,65,19.518212598826114
27,66,20.712787792066017
27,67,20.322727106011392
27,68,20.601929756043123
27,69,20.930164117001727
27,70,20.346341192382262
27,71,20.7898645125738
27,72,18.512342544666208
27,73,18.346556651412968
27,74,19.5919346200597
27,75,19.5691022580481
27,76,21.035611892503276
27,77,23.572707884009887
27,78,19.631116307389984
27,79,18.950672501208494
27,80,21.763713764093534
27,81,19.42841911472699
27,82,19.680784009906056
27,83,20.17179916040488
27,84,19.779356994800303
27,85,20.155980997810957
27,86,19.820361060207027
27,87,20.737843544399535
27,88,21.779369711106007
27,89,19.09433910158353
28,0,0.0
28,1,1.6624330280682103
28,2,2.9459118935051274
28,3,2.936910032612581
28,4,2.3887278089052195
28,5,2.539810114247032
28,6,4.793012502169513
28,7,5.5577414942773515
28,8,6.055263881219323
28,9,6.343050211393183
28,10,8.71136404618615
28,11,7.456102333229449
28,12,9.890961899002749
28,13,11.027961262640728
28,14,11.351929826633928
28,15,11.3841539149748
28,16,12.567007258298966
28,17,9.18125452342624
28,18,10.076274772559817
28,19,13.850152872040928
28,20,14.047201028754802
28,21,11.886596217283339
28,22,13.358638705194839
28,23,13.979807481872614
28,24,15.573910767489352
28,25,14.062433633631343
28,26,15.112753696125369
28,27,13.035671049138017
28,28,14.334326933632447
28,29,14.139162159073186
28,30,15.080307840639827
28,31,15.853395471681786
28,32,17.691174040378126
28,33,15.084947077158231
28,34,16.197762039138592
28,35,16.955861347825227
28,36,17.500306661334363
28,37,15.549458227369385
28,38,13.649613605054455
28,39,13.426598164872052
28,40,10.061990610143157
28,41,12.638595329930935
28,42,9.485818670824006
28,43,8.377957372404033
28,44,7.984046521105703
28,45,6.7978464713638225
28,46,8.503071789273518
28,47,7.904440224987294
28,48,11.547649393913028
28,49,12.70468645142118
28,50,13.736654299711024
28,51,14.796568666805864
28,52,16.924982998736
28,53,19.684285821287013
28,54,18.11637759479577
28,55,17.17629582305893
28,56,17.49213671980762
28,57,15.837974478802902
28,58,17.518501982534115
28,59,18.1320013883185
28,60,18.499315605379067
28,61,22.000425085641382
28,62,22.491472700610892
28,63,20.994630417751907
28,64,18.40461093734494
28,65,16.34931341703202
28,66,20.123336780021038
28,67,22.171632700231925
28,68,19.55758078001095
28,69,18.44823208665281
28,70,18.900122292741656
28,71,20.719000888493852
28,72,20.573980123106264
28,73,19.84049639050305
28,74,18.545577676998466
28,75,20.013383063289258
28,76,18.64779660695377
28,77,19.74566829586284
28,78,20.38850518600433
28,79,19.573854251337256
28,80,18.534250052708522
28,81,19.335312990919505
28,82,19.56811614503984
28,83,20.578956522238126
28,84,20.130691101867317
28,85,21.483714327604133
28,86,17.522933050451343
28,87,22.957706144696946
28,88,17.599926368974902
28,89,21.042935367774046
28,90,19.216069613864743
29,0,0.20520549024700507
29,1,0.37444350728391074
29,2,0.0
29,3,0.0
29,4,3.09521058503141
29,5,4.568649153139283
29,6,3.689822157847978
29,7,7.471700115483285
29,8,5.224727668852239
29,9,4.761438442646718
29,10,7.346552236797043
29,11,8.579321137694386
29,12,9.160436451324527
29,13,8.572780081991588
29,14,10.256570359254058
29,15,11.016330170741607
29,16,12.150305441749131
29,17,11.315431814358861
29,18,10.471988929156783
29,19,11.597554612253548
29,20,10.719681455061163
29,21,11.943055275493245
29,22,12.087798577126371
29,23,15.257860964464612
29,24,12.808360394476743
29,25,15.0728129324544
29,26,13.18377014829085
29,27,12.785660761133288
29,28,13.014768654240747
29,29,14.133204922831228
29,30,14.842031681351427
29,31,13.105175134289635
29,32,17.307027459208587
29,33,14.252938559282821
29,34,15.953373986481996
29,35,15.765946948650916
29,36,14.980555100069456
29,37,16.51943864144907
29,38,19.088887826705882
29,39,16.9350379307834
29,40,18.19787769054356
29,41,17.786248435621545
29,42,18.51900506617551
29,43,16.245716323566782
29,44,14.373507125537829
29,45,15.526097706061684
29,46,13.362032479136687
29,47,12.394260859234038
29,48,14.577836400486168
29,49,9.651260342953375
29,50,9.63699307532143
29,51,9.907697403820253
29,52,7.421788831391005
29,53,6.623692531235881
29,54,9.069844180345354
29,55,9.885683699629721
29,56,8.639607967572642
29,57,12.116902060744895
29,58,11.908516557359206
29,59,11.586933643927296
29,60,16.007293213612694
29,61,13.37880865727599
29,62,16.593029651168674
29,63,14.384953497920154
29,64,13.5366370227317
29,65,17.935483091022547
29,66,16.930979150800656
29,67,18.341081426033853
29,68,19.65597420278054
29,69,19.073636981208843
29,70,18.815317471457558
29,71,19.198588979377714
29,72,21.471176741954192
29,73,19.691861836150967
29,74,22.037466990238208
29,75,19.895390834354835
29,76,19.750384671740136
29,77,21.52850098478757
29,78,17.67696529099537
29,79,19.913490807364
29,80,18.565861662075527
29,81,18.886859764602306
29,82,19.261625738250864
29,83,17.765367795459547
29,84,18.852329380410144
29,85,18.455199108981354
29,86,18.43459895363727
29,87,19.899478489033125
29,88,21.376058379200515
29,89,18.585592906174583
29,90,19.25984254095426
29,91,19.986616607895186
29,92,22.542835711099464
29,93,20.651995220076742
29,94,20.784171173164452
29,95,20.1163431541928
29,96,19.80622829044943
29,97,20.024949455054045
29,98,20.284734806164952
29,99,19.477460261921298
29,100,19.614472859040866
29,101,22.958623616411145
29,102,19.67869349996218
29,103,18.459443864498116
29,104,19.457532655179097
29,105,19.684097500357485
29,106,22.20576875689609
29,107,18.629973804384186
30,0,0.0
30,1,2.7655470961993416
30,2,0.0
30,3,0.0
30,4,5.764383673646826
30,5,5.154120345247598
30,6,5.992459332704518
30,7,6.167287728495561
30,8,5.891880622767146
30,9,5.203312571249416
30,10,8.11672142623267
30,11,7.015021282319117
30,12,8.707193922221279
30,13,9.765384677511797
30,14,10.985905621211291
30,15,11.04788722811057
30,16,9.751873049480755
30,17,11.129349811371696
30,18,11.861764378797194
30,19,13.240056908748501
30,20,11.972506114873838
30,21,14.358855673174546
30,22,17.466094693583415
30,23,14.614288618180447
30,24,14.585988388988836
30,25,15.934633931609275
30,26,15.908617479588177
30,27,14.484907741119084
30,28,13.360661020112758
30,29,14.785744824273001
30,30,15.60898135568197
30,31,13.609442449785229
30,32,17.452610327950808
30,33,16.390753996498816
30,34,15.597239829378704
30,35,16.123476418512187
30,36,17.989937298968318
30,37,17.110852177830566
30,38,16.394515304575414
30,39,17.585451922508632
30,40,15.366315447851186
30,41,14.582328030718731
30,42,14.431305053630844
30,43,12.354227255112615
30,44,12.193246291991535
30,45,10.97096673180217
30,46,8.826082287516906
30,47,6.562331494329802
30,48,9.474917545569348
30,49,10.482714732075241
30,50,9.253184472934848
30,51,8.497562692379027
30,52,10.811337803981974
30,53,9.438961582517084
30,54,13.729355122993452
30,55,14.532564697266043
30,56,14.435155758632174
30,57,17.39821894563788
30,58,16.251178512170554
30,59,15.028897589374747
30,60,17.953314944761534
30,61,17.27472612957823
30,62,19.270827012486386
30,63,20.265164871456417
30,64,20.14878675972237
30,65,20.34193970670887
30,66,18.96448418474487
30,67,20.504767574737276
30,68,18.94584847689927
30,69,21.20316256456869
30,70,23.167574799379437
30,71,19.55581339167419
30,72,20.58903527180736
30,73,17.95385221296528
30,74,18.812063537667214
30,75,17.846737702915473
30,76,19.021243150078522
30,77,19.924572502806264
30,78,21.935732667864304
30,79,21.390599730024206
30,80,18.062205510605594
30,81,21.097514667291442
30,82,20.278930967844566
30,83,19.91046946674221
30,84,22.432114862351394
30,85,19.190053211121107
30,86,19.325360213086224
30,87,20.083434447572095
30,88,18.69269834085215
30,89,21.457252236197146
30,90,19.437917303360223
30,91,17.499744245135197
30,92,20.340064100587448
30,93,19.25134178927059
30,94,19.560802126927236
30,95,23.125536802107128
30,96,20.52945911886028
30,97,20.408002798149678
30,98,17.383293026124715
30,99,18.997550546680912
31,0,0.0
31,1,1.4678273876885366
31,2,6.007342317294364
31,3,0.0
31,4,4.572787924623308
31,5,4.277884265914398
31,6,6.494644335510016
31,7,8.164171217617717
31,8,4.484598635933976
31,9,5.894686324783465
31,10,4.7482179321631754
31,11,9.920653834855408
31,12,9.489670567218614
31,13,9.414204402808158
31,14,12.691825450070548
31,15,9.44000367880847
31,16,9.821987115934657
31,17,10.352471301444343
31,18,11.011921231222592
31,19,12.4181092565034
31,20,13.469930224981747
31,21,9.669668937340306
31,22,11.886111042944899
31,23,12.351897649971196
31,24,13.150610465277756
31,25,13.454828022467423
31,26,13.15609478435743
31,27,15.080941066455573
31,28,14.216710498566759
31,29,15.011622708993398
31,30,15.789083336953754
31,31,14.503417165085917
31,32,17.153911796205808
31,33,16.633969278935965
31,34,14.671471769090452
31,35,14.613593392562029
31,36,16.23759267050412
31,37,16.837708344480802
31,38,15.528120369145707
31,39,15.843042271195197
31,40,16.704001519062032
31,41,14.723611451105294
31,42,18.681844627399194
31,43,14.189522193148823
31,44,12.68101763866106
31,45,15.126956061645782
31,46,13.43926621326321
31,47,11.021710081919782
31,48,12.055916577471892
31,49,8.038883262426152
31,50,6.968928463191223
31,51,6.672842599598874
31,52,11.052857496994667
31,53,8.31648906143576
31,54,7.555474786947791
31,55,8.481151253675112
31,56,11.90190423839637
31,57,11.554670827182328
31,58,11.024956658322662
31,59,13.63279383083252
31,60,14.291499631203838
31,61,18.037929489172672
31,62,17.977709896531785
31,63,17.31482493844478
31,64,18.284036285730767
31,65,16.827385472234393
31,66,21.056609512656784
31,67,20.917997860247045
31,68,17.768054830207376
31,69,18.424140389782618
31,70,18.95807287644935
31,71,20.852376371527725
31,72,19.150192168451387
31,73,19.56117662729625
31,74,19.748228093455484
31,75,19.489136556463937
31,76,19.38828047583122
31,77,18.99455740331091
31,78,18.52701579775863
31,79,18.797738693117893
31,80,17.31081891911904
31,81,16.65445215102874
31,82,20.94592603791681
31,83,19.21241496285139
31,84,19.833016611026903
31,85,18.970373650653162
31,86,17.186380500205065
31,87,20.570645833285152
31,88,19.448287090047284
31,89,17.721893518380732
31,90,18.897511840452655
31,91,20.776466861587554
31,92,18.083653245849188
31,93,20.412206386435226
31,94,21.124809799340767
31,95,20.48834815122736
31,96,19.887332659052547
31,97,16.548148010125303
31,98,19.91109540421246
31,99,18.289198857795924
31,100,18.481596832342802
31,101,19.411150379891666
31,102,18.21906413148744
31,103,19.140234349303487
31,104,18.599665257156893
31,105,21.426276868376682
31,106,18.19117520618022
32,0,0.0
32,1,4.377155386919652
32,2,0.0
32,3,6.5147797238569884
32,4,3.2979800704043076
32,5,3.53707680628379
32,6,4.09237487952743
32,7,5.984477422788788
32,8,6.623051851736294
32,9,8.288013672597282
32,10,11.936838341283524
32,11,9.32630160236232
32,12,9.885871075076068
32,13,11.858507099840475
32,14,11.753298655289168
32,15,13.697491447166176
32,16,14.036284465010459
32,17,13.120064467091398
32,18,11.189429232265377
32,19,14.430429635632946
32,20,16.502506783877383
32,21,14.631717276781712
32,22,15.304719052891402
32,23,16.137878310977236
32,24,16.25239340103763
32,25,17.617497936297223
32,26,18.022959166422304
32,27,15.774230228816043
32,28,15.91627209641911
32,29,14.479966712424702
32,30,19.994293245814
32,31,18.20719723738543
32,32,16.999164256634995
32,33,16.63365622806072
32,34,14.435489377279072
32,35,12.515863795653733
32,36,10.691291003081062
32,37,15.379117040971824
32,38,7.039372223012345
32,39,8.365811094764453
32,40,8.230861765003073
32,41,7.201122310323065
32,42,8.16035954027506
32,43,11.187355516033502
32,44,10.591818671830168
32,45,14.881908258842158
32,46,15.49813817171761
32,47,19.029002596877067
32,48,17.704632414650963
32,49,16.255775219340205
32,50,19.416011838260538
32,51,19.47801394555795
32,52,18.73108879552406
32,53,17.60644781111557
32,54,19.764912556667593
32,55,17.238941740709606
32,56,19.347595521370902
32,57,17.43132848530662
32,58,19.632272229073322
32,59,19.044301253401187
32,60,20.475964670708958
32,61,19.224914295132358
32,62,18.067051924572915
32,63,18.328021047035282
32,64,22.07629290229367
32,65,19.130544428665132
32,66,17.81292173952868
32,67,17.26858555426127
32,68,20.03482962494821
32,69,19.86125470198218
32,70,21.59528672848815
32,71,18.97058310961273
32,72,19.009880928226956
32,73,19.288495371369887
32,74,21.408713744537387
32,75,22.505581369732276
32,76,19.635741455728063
32,77,19.114262208787963
32,78,19.937551114618653
32,79,19.373321982486797
32,80,20.108820700212775
32,81,20.680888634749135
33,0,0.0
33,1,0.0
33,2,3.0002321250370834
33,3,6.511981779802242
33,4,2.788365040762144
33,5,6.822337246914425
33,6,6.068432516080334
33,7,6.8263981426939075
33,8,7.7250335869397055
33,9,9.585939296704854
33,10,6.833126067779251
33,11,11.372496276608642
33,12,12.842835027687574
33,13,10.549197612035545
33,14,14.988246098602309
33,15,10.32987481202108
33,16,11.238086126502877
33,17,12.302970271052233
33,18,12.516476593495929
33,19,11.223475530425421
33,20,15.317730749442141
33,21,12.925788578718985
33,22,15.5764672986855
33,23,12.900865142561297
33,24,16.19806808270806
33,25,17.365372385454673
33,26,14.457312553150933
33,27,12.97917001064443
33,28,16.069751686110628
33,29,16.4575522084158
33,30,16.183688880963857
33,31,18.71826787872695
33,32,15.122970682227837
33,33,15.18213491829132
33,34,15.715500579391987
33,35,16.875012797443976
33,36,15.72936125702207
33,37,17.480566263622567
33,38,12.60894084390877
33,39,10.822232355047568
33,40,11.036491628407568
33,41,10.068221686255017
33,42,10.199204764516436
33,43,9.03803453267816
33,44,5.49398220099118
33,45,7.79611887726943
33,46,8.966217726279023
33,47,10.624782729868702
33,48,11.47188779491219
33,49,13.674828608570722
33,50,14.972302046090526
33,51,16.55394277426562
33,52,16.596740038274874
33,53,16.844374919502233
33,54,18.651237587611284
33,55,19.210259967998134
33,56,17.68286558243268
33,57,18.52626869069985
33,58,17.57986743402027
33,59,21.054148966855788
33,60,21.14417900964943
33,61,21.52247494446255
33,62,21.699853870489207
33,63,18.00450667369741
33,64,20.293684244807196
33,65,17.79712428467141
33,66,20.331924185127924
33,67,17.955107815735
33,68,20.395667154501353
33,69,18.61141575198738
33,70,20.12949543618472
33,71,17.9766999435828
33,72,19.766827547311312
33,73,18.66585312365269
33,74,18.598914212535195
33,75,20.445925704829143
33,76,21.120223856619102
33,77,17.765734660213845
33,78,18.63298095328021
33,79,21.699473341681756
33,80,18.291609278957065
33,81,20.01700872039016
33,82,21.786948567211684
33,83,18.835547348057442
33,84,17.45503879624796
33,85,19.686287841832463
33,86,21.36354862075095
33,87,21.528350127967887
33,88,18.967915548666202
34,0,0.0
34,1,2.470524907859731
34,2,2.6315482166104243
34,3,4.998673813907411
34,4,4.611626808481013
34,5,4.374360709588963
34,6,6.367056494248121
34,7,4.295653217128599
34,8,7.009831836660354
34,9,5.655383737203218
34,10,11.10021400470703
34,11,10.293033359593313
34,12,9.400349645796858
34,13,11.051740746978394
34,14,9.496035212884395
34,15,11.1254324152742
34,16,10.51926134342828
34,17,9.891104495730279
34,18,14.142054931287271
34,19,11.65686817093412
34,20,12.517586696907939
34,21,11.14683988549872
34,22,12.569216919260521
34,23,18.74348354584338
34,24,14.830070251556304
34,25,14.73673669669532
34,26,15.891742468607807
34,27,14.620398000532187
34,28,15.795719353090824
34,29,13.548511564391287
34,30,18.69376716896718
34,31,14.755210021053207
34,32,16.138161035450107
34,33,16.939554110008004
34,34,14.554997217172602
34,35,18.740102875864185
34,36,18.031661700059367
34,37,12.478017250523532
34,38,14.112353394238216
34,39,13.733475037749042
34,40,10.961640116220764
34,41,10.741658663050211
34,42,9.291348479739197
34,43,10.213752435265164
34,44,10.289858249358451
34,45,8.380675426941856
34,46,8.88382794555396
34,47,8.406718038550206
34,48,14.829110389478858
34,49,11.751796083846955
34,50,13.704456609067098
34,51,12.708719727568319
34,52,16.147760795373358
34,53,16.61028392941358
34,54,20.062740903742455
34,55,21.87567363119346
34,56,17.833380589339097
34,57,18.787489098807583
34,58,17.77506662421748
34,59,21.710521636202806
34,60,18.770799052110355
34,61,20.2632312534002
34,62,18.743525583424454
34,63,17.081934531281046
34,64,19.781427313785056
34,65,19.874053755440215
34,66,18.074111031154562
34,67,19.462932918343842
34,68,22.853099777656617
34,69,20.33932772096128
34,70,21.1837237862367
34,71,17.93893113838051
34,72,18.200379467673464
34,73,17.04690830187912
34,74,19.286320571150956
34,75,16.906674790384102
34,76,21.59303712732286
34,77,21.484380563764297
34,78,18.508544144895385
34,79,20.993893547545042
34,80,19.898196421012052
34,81,21.04117265661169
34,82,21.761947214884373
34,83,18.028148058531162
34,84,19.99819362637173
34,85,20.781473548862394
34,86,20.628726119004828
34,87,19.762126487879925
34,88,19.208669709398123
34,89,18.772278255085872
34,90,18.052050348581176
35,0,0.0
35,1,2.1512119435286485
35,2,2.011003424790478
35,3,3.0868245523637263
35,4,5.4933245539246105
35,5,5.046593543209639
35,6,8.425780479518586
35,7,4.528615293494544
35,8,7.218072530082475
35,9,1.1516184796491213
35,10,7.025252311020186
35,11,8.672666372555629
35,12,9.465042644115996
35,13,8.15787679918743
35,14,7.062811320312779
35,15,8.657713254686252
35,16,9.898784928205712
35,17,9.988722360223077
35,18,9.770789705148896
35,19,12.385939200238315
35,20,11.877986990155216
35,21,13.43271190519184
35,22,11.263093934066271
35,23,13.426092713849302
35,24,10.198161607945083
35,25,12.17106995662738
35,26,15.623552935385465
35,27,15.407874593698132
35,28,13.933198598654867
35,29,13.83371964079421
35,30,15.616574329124456
35,31,15.712721603259679
35,32,16.850798873771787
35,33,17.305261699267994
35,34,17.292308927388554
35,35,14.806776151474768
35,36,16.762054078216636
35,37,17.580305952901398
35,38,14.955108011325137
35,39,17.218643838986182
35,40,16.454222208947066
35,41,16.413360700117035
35,42,16.613267683360878
35,43,15.641313053600673
35,44,16.259024573788185
35,45,15.915665519406273
35,46,17.73841589089668
35,47,13.432222388253138
35,48,16.208630100232316
35,49,15.4385921577605
35,50,14.537569040159806
35,51,12.872174322379882
35,52,11.945563973930273
35,53,12.755207488860938
35,54,10.272079144361923
35,55,9.698705389896729
35,56,6.974053661464817
35,57,7.412584587788241
35,58,11.29660564204169
35,59,8.90675848786151
35,60,9.746260565497414
35,61,8.688956733733981
35,62,12.390131543137207
35,63,8.182284890303958
35,64,12.401324681869085
35,65,13.004531921764638
35,66,15.008834072907849
35,67,15.370169775285207
35,68,13.708998808062269
35,69,17.119412774789403
35,70,16.748944020245425
35,71,18.068790637590563
35,72,17.237507015852174
35,73,17.61244490382194
35,74,19.853245530791572
35,75,21.294351299830645
35,76,17.96265905576014
35,77,20.82824101114064
35,78,21.483530666859643
35,79,20.69480655638229
35,80,15.942893807356327
35,81,22.233938904742306
35,82,19.5970832117696
35,83,21.161264706469403
35,84,18.506856217075907
35,85,17.137018339562715
35,86,18.069728916516283
35,87,22.238786804837346
35,88,17.799162597082884
35,89,19.360302922036354
35,90,18.70516872569437
35,91,19.446714503822857
35,92,21.365475991460407
35,93,21.736825734854598
35,94,19.629210817552227
35,95,18.992691712322426
35,96,21.59515683567965
35,97,21.043684420568784
35,98,20.679880098304846
35,99,19.06014448984703
35,100,19.589992413763472
35,101,17.652613992748478
35,102,21.456327662568363
35,103,21.423989249565533
35,104,19.548379552546
35,105,20.662238637587503
35,106,21.626016205137077
35,107,19.447762630221064
35,108,19.51123152425627
35,109,18.961432128928692
35,110,20.354474843714964
35,111,19.505203204349403
35,112,22.286462332114176
35,113,18.319837822834877
35,114,20.27966212181142
35,115,21.97085151158118
35,116,18.805490851231426
35,117,23.186049433270483
36,0,0.0
36,1,2.883236381455257
36,2,0.0
36,3,3.3802790559316223
36,4,1.65214285662436
36,5,4.458659977230905
36,6,5.338094732586969
36,7,7.921420377574558
36,8,7.142414134455187
36,9,7.157351430845221
36,10,8.580945527343575
36,11,9.826924016771098
36,12,9.468195538745587
36,13,11.30797757198501
36,14,9.394767721772254
36,15,11.498338956682238
36,16,9.086513179075911
36,17,11.113508673583516
36,18,9.810699362815141
36,19,12.20203431641195
36,20,14.666704235187677
36,21,11.527277246329415
36,22,11.010179714972526
36,23,13.867816857228906
36,24,15.131231818471196
36,25,12.572683837916717
36,26,14.104921430412094
36,27,14.90914041213605
36,28,14.888832481919867
36,29,17.32650393712443
36,30,16.043619079457073
36,31,16.455763673816858
36,32,15.53693714274097
36,33,16.28304271200682
36,34,13.78266334616346
36,35,14.443134859101287
36,36,18.345334591159403
36,37,16.714131722280815
36,38,15.160224682109323
36,39,17.836754299426104
36,40,15.761897354443484
36,41,14.475472103040751
36,42,13.878987676474976
36,43,12.17131455145712
36,44,13.739869781676115
36,45,11.182621161532769
36,46,9.294305847696794
36,47,6.972169779155194
36,48,8.360302459550768
36,49,12.883152888554768
36,50,7.593642057062937
36,51,8.561930212413277
36,52,12.46478756226384
36,53,12.38768586157021
36,54,12.686739660530067
36,55,15.525437723729459
36,56,13.30645402903932
36,57,15.441506289698014
36,58,18.01783593486372
36,59,18.67411542006999
36,60,18.20837677748482
36,61,19.498893785491084
36,62,22.542634653958455
36,63,20.43638629072626
36,64,18.848073857611805
36,65,20.121560038309102
36,66,18.470635424307893
36,67,22.11356359364526
36,68,21.336059146046445
36,69,18.620140317396352
36,70,20.893002632454817
36,71,21.014554990866035
36,72,18.04599739948257
36,73,22.235376266402334
36,74,19.76836252395911
36,75,18.44634792990292
36,76,19.183141577246026
36,77,19.072253971381457
36,78,21.044321507510073
36,79,22.132815043192398
36,80,18.848240867468434
36,81,18.37319445125217
36,82,18.11652028199732
36,83,19.26962848049366
36,84,22.541420319286118
36,85,22.259074282184443
36,86,19.38011769230602
36,87,20.47438803737229
36,88,19.569560612120053
36,89,20.31524744467012
36,90,19.503228367254625
36,91,19.225925630399917
36,92,20.701169302452442
36,93,19.118862018115205
36,94,17.984522583271204
36,95,20.933490237822944
36,96,19.288607731714517
36,97,19.990904603296087
36,98,17.51719373380145
