x,y,z,dx,dy,dz,density,is_ore,rock_type,cu_grade
0,0,80,10,10,5,2.7,True,Ore,0.40663967994091155
0,0,85,10,10,5,2.7,True,Ore,0.40663967994091155
0,0,90,10,10,5,2.7,True,Ore,0.40663967994091155
0,0,95,10,10,5,2.7,True,Ore,0.40663967994091155
0,0,100,10,10,5,2.7,True,Ore,0.40663967994091155
10,0,80,10,10,5,2.7,True,Ore,0.40663967994091155
10,0,85,10,10,5,2.7,True,Ore,0.40663967994091155
10,0,90,10,10,5,2.7,True,Ore,0.40663967994091155
10,0,95,10,10,5,2.7,True,Ore,0.40663967994091155
10,0,100,10,10,5,2.7,True,Ore,0.40663967994091155
20,0,80,10,10,5,2.7,True,Ore,0.40663967994091155
20,0,85,10,10,5,2.7,True,Ore,0.40663967994091155
20,0,90,10,10,5,2.7,True,Ore,0.40663967994091155
20,0,95,10,10,5,2.7,True,Ore,0.40663967994091155
20,0,100,10,10,5,2.7,True,Ore,0.40663967994091155
30,0,80,10,10,5,2.7,True,Ore,0.40663967994091155
30,0,85,10,10,5,2.7,True,Ore,0.40663967994091155
30,0,90,10,10,5,2.7,True,Ore,0.40663967994091155
30,0,95,10,10,5,2.7,True,Ore,0.40663967994091155
30,0,100,10,10,5,2.7,False,Waste,0.1924273820831411
40,0,80,10,10,5,2.7,True,Ore,0.40663967994091155
40,0,85,10,10,5,2.7,True,Ore,0.40663967994091155
40,0,90,10,10,5,2.7,True,Ore,0.40663967994091155
40,0,95,10,10,5,2.7,True,Ore,0.40663967994091155
40,0,100,10,10,5,2.7,False,Waste,0.1924273820831411
50,0,80,10,10,5,2.7,True,Ore,0.40663967994091155
50,0,85,10,10,5,2.7,True,Ore,0.40663967994091155
50,0,90,10,10,5,2.7,True,Ore,0.40663967994091155
50,0,95,10,10,5,2.7,False,Waste,0.1924273820831411
50,0,100,10,10,5,2.7,False,Waste,0.1924273820831411
60,0,80,10,10,5,2.7,True,Ore,0.40663967994091155
60,0,85,10,10,5,2.7,True,Ore,0.40663967994091155
60,0,90,10,10,5,2.7,True,Ore,0.40663967994091155
60,0,95,10,10,5,2.7,False,Waste,0.1924273820831411
60,0,100,10,10,5,2.7,False,Waste,0.1924273820831411
70,0,80,10,10,5,2.7,True,Ore,0.40663967994091155
70,0,85,10,10,5,2.7,True,Ore,0.40663967994091155
70,0,90,10,10,5,2.7,True,Ore,0.40663967994091155
70,0,95,10,10,5,2.7,False,Waste,0.1924273820831411
70,0,100,10,10,5,2.7,False,Waste,0.1924273820831411
80,0,80,10,10,5,2.7,True,Ore,0.40663967994091155
80,0,85,10,10,5,2.7,True,Ore,0.40663967994091155
80,0,90,10,10,5,2.7,False,Waste,0.1924273820831411
80,0,95,10,10,5,2.7,False,Waste,0.1924273820831411
80,0,100,10,10,5,2.7,False,Waste,0.1924273820831411
90,0,80,10,10,5,2.7,True,Ore,0.40663967994091155
90,0,85,10,10,5,2.7,True,Ore,0.40663967994091155
90,0,90,10,10,5,2.7,False,Waste,0.1924273820831411
90,0,95,10,10,5,2.7,False,Waste,0.1924273820831411
90,0,100,10,10,5,2.7,False,Waste,0.1924273820831411
100,0,80,10,10,5,2.7,True,Ore,0.40663967994091155
100,0,85,10,10,5,2.7,False,Waste,0.1924273820831411
100,0,90,10,10,5,2.7,False,Waste,0.1924273820831411
100,0,95,10,10,5,2.7,False,Waste,0.1924273820831411
100,0,100,10,10,5,2.7,False,Waste,0.1924273820831411
0,10,80,10,10,5,2.7,True,Ore,0.40663967994091155
0,10,85,10,10,5,2.7,True,Ore,0.40663967994091155
0,10,90,10,10,5,2.7,True,Ore,0.40663967994091155
0,10,95,10,10,5,2.7,True,Ore,0.40663967994091155
0,10,100,10,10,5,2.7,True,Ore,0.40663967994091155
10,10,80,10,10,5,2.7,True,Ore,0.40663967994091155
10,10,85,10,10,5,2.7,True,Ore,0.40663967994091155
10,10,90,10,10,5,2.7,True,Ore,0.40663967994091155
10,10,95,10,10,5,2.7,True,Ore,0.40663967994091155
10,10,100,10,10,5,2.7,True,Ore,0.40663967994091155
20,10,80,10,10,5,2.7,True,Ore,0.40663967994091155
20,10,85,10,10,5,2.7,True,Ore,0.40663967994091155
20,10,90,10,10,5,2.7,True,Ore,0.40663967994091155
20,10,95,10,10,5,2.7,True,Ore,0.40663967994091155
20,10,100,10,10,5,2.7,False,Waste,0.1924273820831411
30,10,80,10,10,5,2.7,True,Ore,0.40663967994091155
30,10,85,10,10,5,2.7,True,Ore,0.40663967994091155
30,10,90,10,10,5,2.7,True,Ore,0.40663967994091155
30,10,95,10,10,5,2.7,True,Ore,0.40663967994091155
30,10,100,10,10,5,2.7,False,Waste,0.1924273820831411
40,10,80,10,10,5,2.7,True,Ore,0.40663967994091155
40,10,85,10,10,5,2.7,True,Ore,0.40663967994091155
40,10,90,10,10,5,2.7,True,Ore,0.40663967994091155
40,10,95,10,10,5,2.7,True,Ore,0.40663967994091155
40,10,100,10,10,5,2.7,False,Waste,0.1924273820831411
50,10,80,10,10,5,2.7,True,Ore,0.40663967994091155
50,10,85,10,10,5,2.7,True,Ore,0.40663967994091155
50,10,90,10,10,5,2.7,True,Ore,0.40663967994091155
50,10,95,10,10,5,2.7,False,Waste,0.1924273820831411
50,10,100,10,10,5,2.7,False,Waste,0.1924273820831411
60,10,80,10,10,5,2.7,True,Ore,0.40663967994091155
60,10,85,10,10,5,2.7,True,Ore,0.40663967994091155
60,10,90,10,10,5,2.7,True,Ore,0.40663967994091155
60,10,95,10,10,5,2.7,False,Waste,0.1924273820831411
60,10,100,10,10,5,2.7,False,Waste,0.1924273820831411
70,10,80,10,10,5,2.7,True,Ore,0.40663967994091155
70,10,85,10,10,5,2.7,True,Ore,0.40663967994091155
70,10,90,10,10,5,2.7,False,Waste,0.1924273820831411
70,10,95,10,10,5,2.7,False,Waste,0.1924273820831411
70,10,100,10,10,5,2.7,False,Waste,0.1924273820831411
80,10,80,10,10,5,2.7,True,Ore,0.40663967994091155
80,10,85,10,10,5,2.7,True,Ore,0.40663967994091155
80,10,90,10,10,5,2.7,False,Waste,0.1924273820831411
80,10,95,10,10,5,2.7,False,Waste,0.1924273820831411
80,10,100,10,10,5,2.7,False,Waste,0.1924273820831411
90,10,80,10,10,5,2.7,True,Ore,0.40663967994091155
90,10,85,10,10,5,2.7,True,Ore,0.40663967994091155
90,10,90,10,10,5,2.7,False,Waste,0.1924273820831411
90,10,95,10,10,5,2.7,False,Waste,0.1924273820831411
90,10,100,10,10,5,2.7,False,Waste,0.1924273820831411
100,10,80,10,10,5,2.7,True,Ore,0.40663967994091155
100,10,85,10,10,5,2.7,False,Waste,0.1924273820831411
100,10,90,10,10,5,2.7,False,Waste,0.1924273820831411
100,10,95,10,10,5,2.7,False,Waste,0.1924273820831411
100,10,100,10,10,5,2.7,False,Waste,0.1924273820831411
0,20,80,10,10,5,2.7,True,Ore,0.40663967994091155
0,20,85,10,10,5,2.7,True,Ore,0.40663967994091155
0,20,90,10,10,5,2.7,True,Ore,0.40663967994091155
0,20,95,10,10,5,2.7,True,Ore,0.40663967994091155
0,20,100,10,10,5,2.7,True,Ore,0.40663967994091155
10,20,80,10,10,5,2.7,True,Ore,0.40663967994091155
10,20,85,10,10,5,2.7,True,Ore,0.40663967994091155
10,20,90,10,10,5,2.7,True,Ore,0.40663967994091155
10,20,95,10,10,5,2.7,True,Ore,0.40663967994091155
10,20,100,10,10,5,2.7,True,Ore,0.40663967994091155
20,20,80,10,10,5,2.7,True,Ore,0.40663967994091155
20,20,85,10,10,5,2.7,True,Ore,0.40663967994091155
20,20,90,10,10,5,2.7,True,Ore,0.40663967994091155
20,20,95,10,10,5,2.7,True,Ore,0.40663967994091155
20,20,100,10,10,5,2.7,False,Waste,0.1924273820831411
30,20,80,10,10,5,2.7,True,Ore,0.40663967994091155
30,20,85,10,10,5,2.7,True,Ore,0.40663967994091155
30,20,90,10,10,5,2.7,True,Ore,0.40663967994091155
30,20,95,10,10,5,2.7,True,Ore,0.40663967994091155
30,20,100,10,10,5,2.7,False,Waste,0.1924273820831411
40,20,80,10,10,5,2.7,True,Ore,0.40663967994091155
40,20,85,10,10,5,2.7,True,Ore,0.40663967994091155
40,20,90,10,10,5,2.7,True,Ore,0.40663967994091155
40,20,95,10,10,5,2.7,False,Waste,0.1924273820831411
40,20,100,10,10,5,2.7,False,Waste,0.1924273820831411
50,20,80,10,10,5,2.7,True,Ore,0.40663967994091155
50,20,85,10,10,5,2.7,True,Ore,0.40663967994091155
50,20,90,10,10,5,2.7,True,Ore,0.40663967994091155
50,20,95,10,10,5,2.7,False,Waste,0.1924273820831411
50,20,100,10,10,5,2.7,False,Waste,0.1924273820831411
60,20,80,10,10,5,2.7,True,Ore,0.40663967994091155
60,20,85,10,10,5,2.7,True,Ore,0.40663967994091155
60,20,90,10,10,5,2.7,True,Ore,0.40663967994091155
60,20,95,10,10,5,2.7,False,Waste,0.1924273820831411
60,20,100,10,10,5,2.7,False,Waste,0.1924273820831411
70,20,80,10,10,5,2.7,True,Ore,0.40663967994091155
70,20,85,10,10,5,2.7,True,Ore,0.40663967994091155
70,20,90,10,10,5,2.7,False,Waste,0.1924273820831411
70,20,95,10,10,5,2.7,False,Waste,0.1924273820831411
70,20,100,10,10,5,2.7,False,Waste,0.1924273820831411
80,20,80,10,10,5,2.7,True,Ore,0.40663967994091155
80,20,85,10,10,5,2.7,True,Ore,0.40663967994091155
80,20,90,10,10,5,2.7,False,Waste,0.1924273820831411
80,20,95,10,10,5,2.7,False,Waste,0.1924273820831411
80,20,100,10,10,5,2.7,False,Waste,0.1924273820831411
90,20,80,10,10,5,2.7,True,Ore,0.40663967994091155
90,20,85,10,10,5,2.7,False,Waste,0.1924273820831411
90,20,90,10,10,5,2.7,False,Waste,0.1924273820831411
90,20,95,10,10,5,2.7,False,Waste,0.1924273820831411
90,20,100,10,10,5,2.7,False,Waste,0.1924273820831411
100,20,80,10,10,5,2.7,True,Ore,0.40663967994091155
100,20,85,10,10,5,2.7,False,Waste,0.1924273820831411
100,20,90,10,10,5,2.7,False,Waste,0.1924273820831411
100,20,95,10,10,5,2.7,False,Waste,0.1924273820831411
100,20,100,10,10,5,2.7,False,Waste,0.1924273820831411
0,30,80,10,10,5,2.7,True,Ore,0.40663967994091155
0,30,85,10,10,5,2.7,True,Ore,0.40663967994091155
0,30,90,10,10,5,2.7,True,Ore,0.40663967994091155
0,30,95,10,10,5,2.7,True,Ore,0.40663967994091155
0,30,100,10,10,5,2.7,True,Ore,0.40663967994091155
10,30,80,10,10,5,2.7,True,Ore,0.40663967994091155
10,30,85,10,10,5,2.7,True,Ore,0.40663967994091155
10,30,90,10,10,5,2.7,True,Ore,0.40663967994091155
10,30,95,10,10,5,2.7,True,Ore,0.40663967994091155
10,30,100,10,10,5,2.7,False,Waste,0.1924273820831411
20,30,80,10,10,5,2.7,True,Ore,0.40663967994091155
20,30,85,10,10,5,2.7,True,Ore,0.40663967994091155
20,30,90,10,10,5,2.7,True,Ore,0.40663967994091155
20,30,95,10,10,5,2.7,True,Ore,0.40663967994091155
20,30,100,10,10,5,2.7,False,Waste,0.1924273820831411
30,30,80,10,10,5,2.7,True,Ore,0.40663967994091155
30,30,85,10,10,5,2.7,True,Ore,0.40663967994091155
30,30,90,10,10,5,2.7,True,Ore,0.40663967994091155
30,30,95,10,10,5,2.7,True,Ore,0.40663967994091155
30,30,100,10,10,5,2.7,False,Waste,0.1924273820831411
40,30,80,10,10,5,2.7,True,Ore,0.40663967994091155
40,30,85,10,10,5,2.7,True,Ore,0.40663967994091155
40,30,90,10,10,5,2.7,True,Ore,0.40663967994091155
40,30,95,10,10,5,2.7,False,Waste,0.1924273820831411
40,30,100,10,10,5,2.7,False,Waste,0.1924273820831411
50,30,80,10,10,5,2.7,True,Ore,0.40663967994091155
50,30,85,10,10,5,2.7,True,Ore,0.40663967994091155
50,30,90,10,10,5,2.7,True,Ore,0.40663967994091155
50,30,95,10,10,5,2.7,False,Waste,0.1924273820831411
50,30,100,10,10,5,2.7,False,Waste,0.1924273820831411
60,30,80,10,10,5,2.7,True,Ore,0.40663967994091155
60,30,85,10,10,5,2.7,True,Ore,0.40663967994091155
60,30,90,10,10,5,2.7,False,Waste,0.1924273820831411
60,30,95,10,10,5,2.7,False,Waste,0.1924273820831411
60,30,100,10,10,5,2.7,False,Waste,0.1924273820831411
70,30,80,10,10,5,2.7,True,Ore,0.40663967994091155
70,30,85,10,10,5,2.7,True,Ore,0.40663967994091155
70,30,90,10,10,5,2.7,False,Waste,0.1924273820831411
70,30,95,10,10,5,2.7,False,Waste,0.1924273820831411
70,30,100,10,10,5,2.7,False,Waste,0.1924273820831411
80,30,80,10,10,5,2.7,True,Ore,0.40663967994091155
80,30,85,10,10,5,2.7,True,Ore,0.40663967994091155
80,30,90,10,10,5,2.7,False,Waste,0.1924273820831411
80,30,95,10,10,5,2.7,False,Waste,0.1924273820831411
80,30,100,10,10,5,2.7,False,Waste,0.1924273820831411
90,30,80,10,10,5,2.7,True,Ore,0.40663967994091155
90,30,85,10,10,5,2.7,False,Waste,0.1924273820831411
90,30,90,10,10,5,2.7,False,Waste,0.1924273820831411
90,30,95,10,10,5,2.7,False,Waste,0.1924273820831411
90,30,100,10,10,5,2.7,False,Waste,0.1924273820831411
100,30,80,10,10,5,2.7,True,Ore,0.40663967994091155
100,30,85,10,10,5,2.7,False,Waste,0.1924273820831411
100,30,90,10,10,5,2.7,False,Waste,0.1924273820831411
100,30,95,10,10,5,2.7,False,Waste,0.1924273820831411
100,30,100,10,10,5,2.7,False,Waste,0.1924273820831411
0,40,80,10,10,5,2.7,True,Ore,0.40663967994091155
0,40,85,10,10,5,2.7,True,Ore,0.40663967994091155
0,40,90,10,10,5,2.7,True,Ore,0.40663967994091155
0,40,95,10,10,5,2.7,True,Ore,0.40663967994091155
0,40,100,10,10,5,2.7,True,Ore,0.40663967994091155
10,40,80,10,10,5,2.7,True,Ore,0.40663967994091155
10,40,85,10,10,5,2.7,True,Ore,0.40663967994091155
10,40,90,10,10,5,2.7,True,Ore,0.40663967994091155
10,40,95,10,10,5,2.7,True,Ore,0.40663967994091155
10,40,100,10,10,5,2.7,False,Waste,0.1924273820831411
20,40,80,10,10,5,2.7,True,Ore,0.40663967994091155
20,40,85,10,10,5,2.7,True,Ore,0.40663967994091155
20,40,90,10,10,5,2.7,True,Ore,0.40663967994091155
20,40,95,10,10,5,2.7,True,Ore,0.40663967994091155
20,40,100,10,10,5,2.7,False,Waste,0.1924273820831411
30,40,80,10,10,5,2.7,True,Ore,0.40663967994091155
30,40,85,10,10,5,2.7,True,Ore,0.40663967994091155
30,40,90,10,10,5,2.7,True,Ore,0.40663967994091155
30,40,95,10,10,5,2.7,False,Waste,0.1924273820831411
30,40,100,10,10,5,2.7,False,Waste,0.1924273820831411
40,40,80,10,10,5,2.7,True,Ore,0.40663967994091155
40,40,85,10,10,5,2.7,True,Ore,0.40663967994091155
40,40,90,10,10,5,2.7,True,Ore,0.40663967994091155
40,40,95,10,10,5,2.7,False,Waste,0.1924273820831411
40,40,100,10,10,5,2.7,False,Waste,0.1924273820831411
50,40,80,10,10,5,2.7,True,Ore,0.40663967994091155
50,40,85,10,10,5,2.7,True,Ore,0.40663967994091155
50,40,90,10,10,5,2.7,True,Ore,0.40663967994091155
50,40,95,10,10,5,2.7,False,Waste,0.1924273820831411
50,40,100,10,10,5,2.7,False,Waste,0.1924273820831411
60,40,80,10,10,5,2.7,True,Ore,0.40663967994091155
60,40,85,10,10,5,2.7,True,Ore,0.40663967994091155
60,40,90,10,10,5,2.7,False,Waste,0.1924273820831411
60,40,95,10,10,5,2.7,False,Waste,0.1924273820831411
60,40,100,10,10,5,2.7,False,Waste,0.1924273820831411
70,40,80,10,10,5,2.7,True,Ore,0.40663967994091155
70,40,85,10,10,5,2.7,True,Ore,0.40663967994091155
70,40,90,10,10,5,2.7,False,Waste,0.1924273820831411
70,40,95,10,10,5,2.7,False,Waste,0.1924273820831411
70,40,100,10,10,5,2.7,False,Waste,0.1924273820831411
80,40,80,10,10,5,2.7,True,Ore,0.40663967994091155
80,40,85,10,10,5,2.7,False,Waste,0.1924273820831411
80,40,90,10,10,5,2.7,False,Waste,0.1924273820831411
80,40,95,10,10,5,2.7,False,Waste,0.1924273820831411
80,40,100,10,10,5,2.7,False,Waste,0.1924273820831411
90,40,80,10,10,5,2.7,True,Ore,0.40663967994091155
90,40,85,10,10,5,2.7,False,Waste,0.1924273820831411
90,40,90,10,10,5,2.7,False,Waste,0.1924273820831411
90,40,95,10,10,5,2.7,False,Waste,0.1924273820831411
90,40,100,10,10,5,2.7,False,Waste,0.1924273820831411
100,40,80,10,10,5,2.7,True,Ore,0.40663967994091155
100,40,85,10,10,5,2.7,False,Waste,0.1924273820831411
100,40,90,10,10,5,2.7,False,Waste,0.1924273820831411
100,40,95,10,10,5,2.7,False,Waste,0.1924273820831411
100,40,100,10,10,5,2.7,False,Waste,0.1924273820831411
0,50,80,10,10,5,2.7,True,Ore,0.40663967994091155
0,50,85,10,10,5,2.7,True,Ore,0.40663967994091155
0,50,90,10,10,5,2.7,True,Ore,0.40663967994091155
0,50,95,10,10,5,2.7,True,Ore,0.40663967994091155
0,50,100,10,10,5,2.7,False,Waste,0.1924273820831411
10,50,80,10,10,5,2.7,True,Ore,0.40663967994091155
10,50,85,10,10,5,2.7,True,Ore,0.40663967994091155
10,50,90,10,10,5,2.7,True,Ore,0.40663967994091155
10,50,95,10,10,5,2.7,True,Ore,0.40663967994091155
10,50,100,10,10,5,2.7,False,Waste,0.1924273820831411
20,50,80,10,10,5,2.7,True,Ore,0.40663967994091155
20,50,85,10,10,5,2.7,True,Ore,0.40663967994091155
20,50,90,10,10,5,2.7,True,Ore,0.40663967994091155
20,50,95,10,10,5,2.7,True,Ore,0.40663967994091155
20,50,100,10,10,5,2.7,False,Waste,0.1924273820831411
30,50,80,10,10,5,2.7,True,Ore,0.40663967994091155
30,50,85,10,10,5,2.7,True,Ore,0.40663967994091155
30,50,90,10,10,5,2.7,True,Ore,0.40663967994091155
30,50,95,10,10,5,2.7,False,Waste,0.1924273820831411
30,50,100,10,10,5,2.7,False,Waste,0.1924273820831411
40,50,80,10,10,5,2.7,True,Ore,0.40663967994091155
40,50,85,10,10,5,2.7,True,Ore,0.40663967994091155
40,50,90,10,10,5,2.7,True,Ore,0.40663967994091155
40,50,95,10,10,5,2.7,False,Waste,0.1924273820831411
40,50,100,10,10,5,2.7,False,Waste,0.1924273820831411
50,50,80,10,10,5,2.7,True,Ore,0.40663967994091155
50,50,85,10,10,5,2.7,True,Ore,0.40663967994091155
50,50,90,10,10,5,2.7,False,Waste,0.1924273820831411
50,50,95,10,10,5,2.7,False,Waste,0.1924273820831411
50,50,100,10,10,5,2.7,False,Waste,0.1924273820831411
60,50,80,10,10,5,2.7,True,Ore,0.40663967994091155
60,50,85,10,10,5,2.7,True,Ore,0.40663967994091155
60,50,90,10,10,5,2.7,False,Waste,0.1924273820831411
60,50,95,10,10,5,2.7,False,Waste,0.1924273820831411
60,50,100,10,10,5,2.7,False,Waste,0.1924273820831411
70,50,80,10,10,5,2.7,True,Ore,0.40663967994091155
70,50,85,10,10,5,2.7,True,Ore,0.40663967994091155
70,50,90,10,10,5,2.7,False,Waste,0.1924273820831411
70,50,95,10,10,5,2.7,False,Waste,0.1924273820831411
70,50,100,10,10,5,2.7,False,Waste,0.1924273820831411
80,50,80,10,10,5,2.7,True,Ore,0.40663967994091155
80,50,85,10,10,5,2.7,False,Waste,0.1924273820831411
80,50,90,10,10,5,2.7,False,Waste,0.1924273820831411
80,50,95,10,10,5,2.7,False,Waste,0.1924273820831411
80,50,100,10,10,5,2.7,False,Waste,0.1924273820831411
90,50,80,10,10,5,2.7,True,Ore,0.40663967994091155
90,50,85,10,10,5,2.7,False,Waste,0.1924273820831411
90,50,90,10,10,5,2.7,False,Waste,0.1924273820831411
90,50,95,10,10,5,2.7,False,Waste,0.1924273820831411
90,50,100,10,10,5,2.7,False,Waste,0.1924273820831411
100,50,80,10,10,5,2.7,False,Waste,0.1924273820831411
100,50,85,10,10,5,2.7,False,Waste,0.1924273820831411
100,50,90,10,10,5,2.7,False,Waste,0.1924273820831411
100,50,95,10,10,5,2.7,False,Waste,0.1924273820831411
100,50,100,10,10,5,2.7,False,Waste,0.1924273820831411
0,60,80,10,10,5,2.7,True,Ore,0.40663967994091155
0,60,85,10,10,5,2.7,True,Ore,0.40663967994091155
0,60,90,10,10,5,2.7,True,Ore,0.40663967994091155
0,60,95,10,10,5,2.7,True,Ore,0.40663967994091155
0,60,100,10,10,5,2.7,False,Waste,0.1924273820831411
10,60,80,10,10,5,2.7,True,Ore,0.40663967994091155
10,60,85,10,10,5,2.7,True,Ore,0.40663967994091155
10,60,90,10,10,5,2.7,True,Ore,0.40663967994091155
10,60,95,10,10,5,2.7,True,Ore,0.40663967994091155
10,60,100,10,10,5,2.7,False,Waste,0.1924273820831411
20,60,80,10,10,5,2.7,True,Ore,0.40663967994091155
20,60,85,10,10,5,2.7,True,Ore,0.40663967994091155
20,60,90,10,10,5,2.7,True,Ore,0.40663967994091155
20,60,95,10,10,5,2.7,False,Waste,0.1924273820831411
20,60,100,10,10,5,2.7,False,Waste,0.1924273820831411
30,60,80,10,10,5,2.7,True,Ore,0.40663967994091155
30,60,85,10,10,5,2.7,True,Ore,0.40663967994091155
30,60,90,10,10,5,2.7,True,Ore,0.40663967994091155
30,60,95,10,10,5,2.7,False,Waste,0.1924273820831411
30,60,100,10,10,5,2.7,False,Waste,0.1924273820831411
40,60,80,10,10,5,2.7,True,Ore,0.40663967994091155
40,60,85,10,10,5,2.7,True,Ore,0.40663967994091155
40,60,90,10,10,5,2.7,True,Ore,0.40663967994091155
40,60,95,10,10,5,2.7,False,Waste,0.1924273820831411
40,60,100,10,10,5,2.7,False,Waste,0.1924273820831411
50,60,80,10,10,5,2.7,True,Ore,0.40663967994091155
50,60,85,10,10,5,2.7,True,Ore,0.40663967994091155
50,60,90,10,10,5,2.7,False,Waste,0.1924273820831411
50,60,95,10,10,5,2.7,False,Waste,0.1924273820831411
50,60,100,10,10,5,2.7,False,Waste,0.1924273820831411
60,60,80,10,10,5,2.7,True,Ore,0.40663967994091155
60,60,85,10,10,5,2.7,True,Ore,0.40663967994091155
60,60,90,10,10,5,2.7,False,Waste,0.1924273820831411
60,60,95,10,10,5,2.7,False,Waste,0.1924273820831411
60,60,100,10,10,5,2.7,False,Waste,0.1924273820831411
70,60,80,10,10,5,2.7,True,Ore,0.40663967994091155
70,60,85,10,10,5,2.7,False,Waste,0.1924273820831411
70,60,90,10,10,5,2.7,False,Waste,0.1924273820831411
70,60,95,10,10,5,2.7,False,Waste,0.1924273820831411
70,60,100,10,10,5,2.7,False,Waste,0.1924273820831411
80,60,80,10,10,5,2.7,True,Ore,0.40663967994091155
80,60,85,10,10,5,2.7,False,Waste,0.1924273820831411
80,60,90,10,10,5,2.7,False,Waste,0.1924273820831411
80,60,95,10,10,5,2.7,False,Waste,0.1924273820831411
80,60,100,10,10,5,2.7,False,Waste,0.1924273820831411
90,60,80,10,10,5,2.7,True,Ore,0.40663967994091155
90,60,85,10,10,5,2.7,False,Waste,0.1924273820831411
90,60,90,10,10,5,2.7,False,Waste,0.1924273820831411
90,60,95,10,10,5,2.7,False,Waste,0.1924273820831411
90,60,100,10,10,5,2.7,False,Waste,0.1924273820831411
100,60,80,10,10,5,2.7,False,Waste,0.1924273820831411
100,60,85,10,10,5,2.7,False,Waste,0.1924273820831411
100,60,90,10,10,5,2.7,False,Waste,0.1924273820831411
100,60,95,10,10,5,2.7,False,Waste,0.1924273820831411
100,60,100,10,10,5,2.7,False,Waste,0.1924273820831411
0,70,80,10,10,5,2.7,True,Ore,0.40663967994091155
0,70,85,10,10,5,2.7,True,Ore,0.40663967994091155
0,70,90,10,10,5,2.7,True,Ore,0.40663967994091155
0,70,95,10,10,5,2.7,True,Ore,0.40663967994091155
0,70,100,10,10,5,2.7,False,Waste,0.1924273820831411
10,70,80,10,10,5,2.7,True,Ore,0.40663967994091155
10,70,85,10,10,5,2.7,True,Ore,0.40663967994091155
10,70,90,10,10,5,2.7,True,Ore,0.40663967994091155
10,70,95,10,10,5,2.7,True,Ore,0.40663967994091155
10,70,100,10,10,5,2.7,False,Waste,0.1924273820831411
20,70,80,10,10,5,2.7,True,Ore,0.40663967994091155
20,70,85,10,10,5,2.7,True,Ore,0.40663967994091155
20,70,90,10,10,5,2.7,True,Ore,0.40663967994091155
20,70,95,10,10,5,2.7,False,Waste,0.1924273820831411
20,70,100,10,10,5,2.7,False,Waste,0.1924273820831411
30,70,80,10,10,5,2.7,True,Ore,0.40663967994091155
30,70,85,10,10,5,2.7,True,Ore,0.40663967994091155
30,70,90,10,10,5,2.7,True,Ore,0.40663967994091155
30,70,95,10,10,5,2.7,False,Waste,0.1924273820831411
30,70,100,10,10,5,2.7,False,Waste,0.1924273820831411
40,70,80,10,10,5,2.7,True,Ore,0.40663967994091155
40,70,85,10,10,5,2.7,True,Ore,0.40663967994091155
40,70,90,10,10,5,2.7,False,Waste,0.1924273820831411
40,70,95,10,10,5,2.7,False,Waste,0.1924273820831411
40,70,100,10,10,5,2.7,False,Waste,0.1924273820831411
50,70,80,10,10,5,2.7,True,Ore,0.40663967994091155
50,70,85,10,10,5,2.7,True,Ore,0.40663967994091155
50,70,90,10,10,5,2.7,False,Waste,0.1924273820831411
50,70,95,10,10,5,2.7,False,Waste,0.1924273820831411
50,70,100,10,10,5,2.7,False,Waste,0.1924273820831411
60,70,80,10,10,5,2.7,True,Ore,0.40663967994091155
60,70,85,10,10,5,2.7,True,Ore,0.40663967994091155
60,70,90,10,10,5,2.7,False,Waste,0.1924273820831411
60,70,95,10,10,5,2.7,False,Waste,0.1924273820831411
60,70,100,10,10,5,2.7,False,Waste,0.1924273820831411
70,70,80,10,10,5,2.7,True,Ore,0.40663967994091155
70,70,85,10,10,5,2.7,False,Waste,0.1924273820831411
70,70,90,10,10,5,2.7,False,Waste,0.1924273820831411
70,70,95,10,10,5,2.7,False,Waste,0.1924273820831411
70,70,100,10,10,5,2.7,False,Waste,0.1924273820831411
80,70,80,10,10,5,2.7,True,Ore,0.40663967994091155
80,70,85,10,10,5,2.7,False,Waste,0.1924273820831411
80,70,90,10,10,5,2.7,False,Waste,0.1924273820831411
80,70,95,10,10,5,2.7,False,Waste,0.1924273820831411
80,70,100,10,10,5,2.7,False,Waste,0.1924273820831411
90,70,80,10,10,5,2.7,False,Waste,0.1924273820831411
90,70,85,10,10,5,2.7,False,Waste,0.1924273820831411
90,70,90,10,10,5,2.7,False,Waste,0.1924273820831411
90,70,95,10,10,5,2.7,False,Waste,0.1924273820831411
90,70,100,10,10,5,2.7,False,Waste,0.1924273820831411
100,70,80,10,10,5,2.7,False,Waste,0.1924273820831411
100,70,85,10,10,5,2.7,False,Waste,0.1924273820831411
100,70,90,10,10,5,2.7,False,Waste,0.1924273820831411
100,70,95,10,10,5,2.7,False,Waste,0.1924273820831411
100,70,100,10,10,5,2.7,False,Waste,0.1924273820831411
0,80,80,10,10,5,2.7,True,Ore,0.40663967994091155
0,80,85,10,10,5,2.7,True,Ore,0.40663967994091155
0,80,90,10,10,5,2.7,True,Ore,0.40663967994091155
0,80,95,10,10,5,2.7,True,Ore,0.40663967994091155
0,80,100,10,10,5,2.7,False,Waste,0.1924273820831411
10,80,80,10,10,5,2.7,True,Ore,0.40663967994091155
10,80,85,10,10,5,2.7,True,Ore,0.40663967994091155
10,80,90,10,10,5,2.7,True,Ore,0.40663967994091155
10,80,95,10,10,5,2.7,False,Waste,0.1924273820831411
10,80,100,10,10,5,2.7,False,Waste,0.1924273820831411
20,80,80,10,10,5,2.7,True,Ore,0.40663967994091155
20,80,85,10,10,5,2.7,True,Ore,0.40663967994091155
20,80,90,10,10,5,2.7,True,Ore,0.40663967994091155
20,80,95,10,10,5,2.7,False,Waste,0.1924273820831411
20,80,100,10,10,5,2.7,False,Waste,0.1924273820831411
30,80,80,10,10,5,2.7,True,Ore,0.40663967994091155
30,80,85,10,10,5,2.7,True,Ore,0.40663967994091155
30,80,90,10,10,5,2.7,True,Ore,0.40663967994091155
30,80,95,10,10,5,2.7,False,Waste,0.1924273820831411
30,80,100,10,10,5,2.7,False,Waste,0.1924273820831411
40,80,80,10,10,5,2.7,True,Ore,0.40663967994091155
40,80,85,10,10,5,2.7,True,Ore,0.40663967994091155
40,80,90,10,10,5,2.7,False,Waste,0.1924273820831411
40,80,95,10,10,5,2.7,False,Waste,0.1924273820831411
40,80,100,10,10,5,2.7,False,Waste,0.1924273820831411
50,80,80,10,10,5,2.7,True,Ore,0.40663967994091155
50,80,85,10,10,5,2.7,True,Ore,0.40663967994091155
50,80,90,10,10,5,2.7,False,Waste,0.1924273820831411
50,80,95,10,10,5,2.7,False,Waste,0.1924273820831411
50,80,100,10,10,5,2.7,False,Waste,0.1924273820831411
60,80,80,10,10,5,2.7,True,Ore,0.40663967994091155
60,80,85,10,10,5,2.7,False,Waste,0.1924273820831411
60,80,90,10,10,5,2.7,False,Waste,0.1924273820831411
60,80,95,10,10,5,2.7,False,Waste,0.1924273820831411
60,80,100,10,10,5,2.7,False,Waste,0.1924273820831411
70,80,80,10,10,5,2.7,True,Ore,0.40663967994091155
70,80,85,10,10,5,2.7,False,Waste,0.1924273820831411
70,80,90,10,10,5,2.7,False,Waste,0.1924273820831411
70,80,95,10,10,5,2.7,False,Waste,0.1924273820831411
70,80,100,10,10,5,2.7,False,Waste,0.1924273820831411
80,80,80,10,10,5,2.7,True,Ore,0.40663967994091155
80,80,85,10,10,5,2.7,False,Waste,0.1924273820831411
80,80,90,10,10,5,2.7,False,Waste,0.1924273820831411
80,80,95,10,10,5,2.7,False,Waste,0.1924273820831411
80,80,100,10,10,5,2.7,False,Waste,0.1924273820831411
90,80,80,10,10,5,2.7,False,Waste,0.1924273820831411
90,80,85,10,10,5,2.7,False,Waste,0.1924273820831411
90,80,90,10,10,5,2.7,False,Waste,0.1924273820831411
90,80,95,10,10,5,2.7,False,Waste,0.1924273820831411
90,80,100,10,10,5,2.7,False,Waste,0.1924273820831411
100,80,80,10,10,5,2.7,False,Waste,0.1924273820831411
100,80,85,10,10,5,2.7,False,Waste,0.1924273820831411
100,80,90,10,10,5,2.7,False,Waste,0.1924273820831411
100,80,95,10,10,5,2.7,False,Waste,0.1924273820831411
100,80,100,10,10,5,2.7,False,Waste,0.1924273820831411
0,90,80,10,10,5,2.7,True,Ore,0.40663967994091155
0,90,85,10,10,5,2.7,True,Ore,0.40663967994091155
0,90,90,10,10,5,2.7,True,Ore,0.40663967994091155
0,90,95,10,10,5,2.7,True,Ore,0.40663967994091155
0,90,100,10,10,5,2.7,False,Waste,0.1924273820831411
10,90,80,10,10,5,2.7,True,Ore,0.40663967994091155
10,90,85,10,10,5,2.7,True,Ore,0.40663967994091155
10,90,90,10,10,5,2.7,True,Ore,0.40663967994091155
10,90,95,10,10,5,2.7,False,Waste,0.1924273820831411
10,90,100,10,10,5,2.7,False,Waste,0.1924273820831411
20,90,80,10,10,5,2.7,True,Ore,0.40663967994091155
20,90,85,10,10,5,2.7,True,Ore,0.40663967994091155
20,90,90,10,10,5,2.7,True,Ore,0.40663967994091155
20,90,95,10,10,5,2.7,False,Waste,0.1924273820831411
20,90,100,10,10,5,2.7,False,Waste,0.1924273820831411
30,90,80,10,10,5,2.7,True,Ore,0.40663967994091155
30,90,85,10,10,5,2.7,True,Ore,0.40663967994091155
30,90,90,10,10,5,2.7,False,Waste,0.1924273820831411
30,90,95,10,10,5,2.7,False,Waste,0.1924273820831411
30,90,100,10,10,5,2.7,False,Waste,0.1924273820831411
40,90,80,10,10,5,2.7,True,Ore,0.40663967994091155
40,90,85,10,10,5,2.7,True,Ore,0.40663967994091155
40,90,90,10,10,5,2.7,False,Waste,0.1924273820831411
40,90,95,10,10,5,2.7,False,Waste,0.1924273820831411
40,90,100,10,10,5,2.7,False,Waste,0.1924273820831411
50,90,80,10,10,5,2.7,True,Ore,0.40663967994091155
50,90,85,10,10,5,2.7,True,Ore,0.40663967994091155
50,90,90,10,10,5,2.7,False,Waste,0.1924273820831411
50,90,95,10,10,5,2.7,False,Waste,0.1924273820831411
50,90,100,10,10,5,2.7,False,Waste,0.1924273820831411
60,90,80,10,10,5,2.7,True,Ore,0.40663967994091155
60,90,85,10,10,5,2.7,False,Waste,0.1924273820831411
60,90,90,10,10,5,2.7,False,Waste,0.1924273820831411
60,90,95,10,10,5,2.7,False,Waste,0.1924273820831411
60,90,100,10,10,5,2.7,False,Waste,0.1924273820831411
70,90,80,10,10,5,2.7,True,Ore,0.40663967994091155
70,90,85,10,10,5,2.7,False,Waste,0.1924273820831411
70,90,90,10,10,5,2.7,False,Waste,0.1924273820831411
70,90,95,10,10,5,2.7,False,Waste,0.1924273820831411
70,90,100,10,10,5,2.7,False,Waste,0.1924273820831411
80,90,80,10,10,5,2.7,False,Waste,0.1924273820831411
80,90,85,10,10,5,2.7,False,Waste,0.1924273820831411
80,90,90,10,10,5,2.7,False,Waste,0.1924273820831411
80,90,95,10,10,5,2.7,False,Waste,0.1924273820831411
80,90,100,10,10,5,2.7,False,Waste,0.1924273820831411
90,90,80,10,10,5,2.7,False,Waste,0.1924273820831411
90,90,85,10,10,5,2.7,False,Waste,0.1924273820831411
90,90,90,10,10,5,2.7,False,Waste,0.1924273820831411
90,90,95,10,10,5,2.7,False,Waste,0.1924273820831411
90,90,100,10,10,5,2.7,False,Waste,0.1924273820831411
100,90,80,10,10,5,2.7,False,Waste,0.1924273820831411
100,90,85,10,10,5,2.7,False,Waste,0.1924273820831411
100,90,90,10,10,5,2.7,False,Waste,0.1924273820831411
100,90,95,10,10,5,2.7,False,Waste,0.1924273820831411
100,90,100,10,10,5,2.7,False,Waste,0.1924273820831411
0,100,80,10,10,5,2.7,True,Ore,0.40663967994091155
0,100,85,10,10,5,2.7,True,Ore,0.40663967994091155
0,100,90,10,10,5,2.7,True,Ore,0.40663967994091155
0,100,95,10,10,5,2.7,False,Waste,0.1924273820831411
0,100,100,10,10,5,2.7,False,Waste,0.1924273820831411
10,100,80,10,10,5,2.7,True,Ore,0.40663967994091155
10,100,85,10,10,5,2.7,True,Ore,0.40663967994091155
10,100,90,10,10,5,2.7,True,Ore,0.40663967994091155
10,100,95,10,10,5,2.7,False,Waste,0.1924273820831411
10,100,100,10,10,5,2.7,False,Waste,0.1924273820831411
20,100,80,10,10,5,2.7,True,Ore,0.40663967994091155
20,100,85,10,10,5,2.7,True,Ore,0.40663967994091155
20,100,90,10,10,5,2.7,True,Ore,0.40663967994091155
20,100,95,10,10,5,2.7,False,Waste,0.1924273820831411
20,100,100,10,10,5,2.7,False,Waste,0.1924273820831411
30,100,80,10,10,5,2.7,True,Ore,0.40663967994091155
30,100,85,10,10,5,2.7,True,Ore,0.40663967994091155
30,100,90,10,10,5,2.7,False,Waste,0.1924273820831411
30,100,95,10,10,5,2.7,False,Waste,0.1924273820831411
30,100,100,10,10,5,2.7,False,Waste,0.1924273820831411
40,100,80,10,10,5,2.7,True,Ore,0.40663967994091155
40,100,85,10,10,5,2.7,True,Ore,0.40663967994091155
40,100,90,10,10,5,2.7,False,Waste,0.1924273820831411
40,100,95,10,10,5,2.7,False,Waste,0.1924273820831411
40,100,100,10,10,5,2.7,False,Waste,0.1924273820831411
50,100,80,10,10,5,2.7,True,Ore,0.40663967994091155
50,100,85,10,10,5,2.7,False,Waste,0.1924273820831411
50,100,90,10,10,5,2.7,False,Waste,0.1924273820831411
50,100,95,10,10,5,2.7,False,Waste,0.1924273820831411
50,100,100,10,10,5,2.7,False,Waste,0.1924273820831411
60,100,80,10,10,5,2.7,True,Ore,0.40663967994091155
60,100,85,10,10,5,2.7,False,Waste,0.1924273820831411
60,100,90,10,10,5,2.7,False,Waste,0.1924273820831411
60,100,95,10,10,5,2.7,False,Waste,0.1924273820831411
60,100,100,10,10,5,2.7,False,Waste,0.1924273820831411
70,100,80,10,10,5,2.7,True,Ore,0.40663967994091155
70,100,85,10,10,5,2.7,False,Waste,0.1924273820831411
70,100,90,10,10,5,2.7,False,Waste,0.1924273820831411
70,100,95,10,10,5,2.7,False,Waste,0.1924273820831411
70,100,100,10,10,5,2.7,False,Waste,0.1924273820831411
80,100,80,10,10,5,2.7,False,Waste,0.1924273820831411
80,100,85,10,10,5,2.7,False,Waste,0.1924273820831411
80,100,90,10,10,5,2.7,False,Waste,0.1924273820831411
80,100,95,10,10,5,2.7,False,Waste,0.1924273820831411
80,100,100,10,10,5,2.7,False,Waste,0.1924273820831411
90,100,80,10,10,5,2.7,False,Waste,0.1924273820831411
90,100,85,10,10,5,2.7,False,Waste,0.1924273820831411
90,100,90,10,10,5,2.7,False,Waste,0.1924273820831411
90,100,95,10,10,5,2.7,False,Waste,0.1924273820831411
90,100,100,10,10,5,2.7,False,Waste,0.1924273820831411
100,100,80,10,10,5,2.7,False,Waste,0.1924273820831411
100,100,85,10,10,5,2.7,False,Waste,0.1924273820831411
100,100,90,10,10,5,2.7,False,Waste,0.1924273820831411
100,100,95,10,10,5,2.7,False,Waste,0.1924273820831411
100,100,100,10,10,5,2.7,False,Waste,0.1924273820831411
