x,y,value
74.90802376947249,190.14286128198324,0.7236061738464806
146.398788362281,119.73169683940732,-0.05090598398079217
31.203728088487303,31.19890406724053,-0.32569338445326695
11.616722433639893,173.23522915498702,-0.26020740299736456
120.22300234864176,141.6145155592091,-1.1835340392408698
4.116898859160489,193.98197043239887,-0.15473443212449556
166.48852816008434,42.46782213565523,0.24543169378926033
36.364993441420125,36.68090197068676,0.7133446389486613
60.84844859190754,104.95128632644757,0.4213602663637686
86.38900372842315,58.245828039608384,-1.2061015717476349
122.3705789444759,27.898772130408368,0.6447781984831216
58.42892970704363,73.27236865873834,-1.5378805153986372
91.21399684340719,157.03519227860272,0.3458746659931817
39.93475643167195,102.84688768272233,-0.3032954480721291
118.4829137724085,9.290082543999546,0.008653391806721655
121.50897038028768,34.10482473745831,0.4560009008018612
13.010318597055903,189.77710745066665,1.68972333810041
193.12640661491187,161.67946962329222,-0.1818546938414294
60.92275383467414,19.534422801276776,0.4837918742468133
136.84660530243139,88.03049874792026,0.38308693406683164
24.407646968955767,99.03538202225404,-1.1737017650761936
6.877704223043679,181.8640804157564,0.155264046986275
51.75599632000338,132.5044568707964,0.9068619011126734
62.34221521788219,104.01360423556216,-2.39714645906729
109.34205586865593,36.97089110510541,1.5127238539923908
193.91692555291172,155.02656467222292,0.18807819359744973
187.8997883128378,178.96547008552977,0.7849396877561399
119.57999576221702,184.37484700462338,-1.2246310331375059
17.6985004103839,39.19657248382904,-0.25523529677438617
9.045457782107613,65.06606615265287,-0.5196448607339597
77.7354579378964,54.269806354779185,-0.17727300506759414
165.74750183038586,71.35066533871786,-0.04363927898189189
56.18690193747615,108.5392166316497,-1.8385286777327372
28.184844994952527,160.43939615080794,0.17984502999751167
14.910128735954164,197.37738732010345,0.9317050366773962
154.44895385933148,39.74313630683448,-0.23913434670454098
1.1044234247204798,163.09228569096683,1.3692826427195566
141.37146876952343,145.80143360819747,0.601788357261542
154.25406933718915,14.808930346818073,-0.9045117435274398
71.69314570885452,23.173811905025943,-0.519687944981942
172.6206851751187,124.65962536551159,-1.0888466236844243
66.17960497052984,12.711670057204728,0.10340942154345513
62.19646434313244,65.03666440534941,0.7684856064153613
145.92123566761282,127.51149427104262,0.28660780651899287
177.44254851526532,94.44298503238986,0.4307375718764027
23.918849187660342,142.648957444599,-0.47961788404082295
152.15700972337947,112.25543951389925,1.1474592279645432
154.1934359909122,98.75911927287815,1.3727435082283477
104.54656587639882,85.50820367170992,-0.3188316840291439
5.083825348819038,21.57828539866089,0.24779172991364745
6.28583713734685,127.28208225275608,-2.3628474187454054
62.871196215265336,101.71413823294056,0.23126749775475497
181.5132947852186,49.858445829774986,-0.646860580652216
82.07658460712595,151.11022770860973,-0.18460573933047317
45.75963309832449,15.395981965758597,0.18300612899616744
57.9502905827536,32.24425745080089,0.22422976999279784
185.93953046851462,161.6240759128834,0.9288310183821026
126.68075130208469,174.29211803754353,-2.2530821067048596
160.7344153798229,37.31401177720717,0.9142847224314357
178.51179969799554,107.86844838313014,-0.16845115062694624
161.4880310328125,179.21825998469865,0.9637868671855034
63.60069499437277,22.010384905535354,0.4434684141684085
45.58703250838833,85.42155772525126,0.7216829143215566
163.60295318449863,172.1461166512687,-0.32143981158216806
1.3904261062381407,102.14946051551314,-0.912854481636778
83.4822006297558,44.42156209414605,-1.6962943947497262
23.97307346673656,67.5230342807256,0.14151810993566627
188.58194078250384,64.64058640415105,-3.1038298321234956
103.75812434867322,140.60379177903556,-0.663604908448425
72.7259204758588,194.35641654419214,-0.2926944392108682
192.48945898842226,50.356459165072835,-2.114267870695978
99.44970117847708,60.17566196335393,1.0383518090856632
56.968098875493524,7.377389470906559,-0.8019196203989106
121.91286679597937,100.5358046457723,-1.7560156704478924
10.29575024999787,55.729292847322284,-1.1989567104446375
181.65317719333075,47.91237813339448,-0.6293316626859183
28.97897441824462,97.8905520555126,-2.5361823697491594
197.13009082212014,48.41105430230008,-0.7500456902466119
134.4271094811757,152.32392306574351,1.746567053779602
47.527508798479936,145.6432697223719,0.770337985637152
73.55662654385064,126.4611661187159,0.6485846648258693
126.70594215217893,107.1549368149517,0.18761166857382647
18.05795401088166,167.0604991178476,0.7410700038464252
64.15601299434717,37.30370207997085,2.4714197544053036
8.155028310952783,118.17858863764836,-0.6801226646234433
135.51287236845647,3.3175657855712304,-0.06805814814914446
102.4186116598562,45.29915503958759,-1.0332887693090969
129.03455808188997,34.87328580099829,-0.880731829383217
138.18754762049318,77.34706926010747,1.455754121812084
187.3459977473469,27.50418882919865,-0.009696235863116229
68.2132702100517,22.694704248117816,1.8626592172698453
184.93872365571255,175.4678706761962,0.6267925238608774
51.58832554303112,131.99680920683582,-0.3853708849861533
163.44444004024317,111.04016231989246,0.8850527025174852
105.93011567120129,48.37045818009034,-0.8666871152875827
18.620553561179843,179.44315159066534,1.1097049682729736
180.0836114326661,126.62029145465358,-0.17391561176566997
67.80595820974014,69.84191492253218,0.15680043408803687
145.19113577404786,179.42205199051543,0.35782531182575955
177.41728485302346,155.97510917152476,-1.1999358961535547
128.40632923085755,16.827992999009766,1.6684547519893764
32.325742818922755,179.71083770541586,-0.15964788950520964
121.28581193191799,1.8394103233259296,-1.4825178619605641
20.294308573206422,132.70035382161117,-0.0036676045154871925
1.0123167692437374,32.16161028349973,0.05526701123147712
109.74675787331722,138.37903953853865,0.25283579358641095
130.3922519005201,44.85386189211196,-0.8602509171318298
142.4358442695072,47.449817499360016,-0.7598729530481024
65.07993963185355,149.29828102360483,0.29445548842872066
129.92657980944293,169.8446820988356,0.8992768534311121
131.52257846006867,113.66172066709433,-1.1838557882199592
18.734953565618497,73.5431606118867,0.3582816054168793
53.04047353634509,48.79792867581671,-0.7884164449241118
194.6021109504891,78.61954493335207,1.5141106773357327
178.40931103542266,126.22772519945258,-2.2350027326962123
158.9622607083297,100.52741862103842,1.4455488645191517
115.38077692527182,98.50353876377278,-0.010976917676295387
39.0485975596089,144.49042305230105,0.35934552343301784
56.15447248817116,4.863193286290768,0.7162948489289767
129.09445918143356,35.42213588140979,0.8713364405979618
188.09171687058287,190.78571540051746,-0.4825040511765905
182.9728780440897,74.03174005108887,0.48718901733034614
3.0913233057734857,185.66371251754506,-0.6609787488147792
85.63682966346286,193.3309638087339,-1.2085649783018506
192.72399541785057,170.601891093472,0.9003096295362198
58.889778413917135,77.01954572038505,-1.721365715772697
170.22733430337138,63.384401031255535,0.25707936743998167
33.8985493372185,111.36025249167002,-0.5249369052868949
187.2309548321562,139.2059593349946,-1.162244460958279
114.012234017873,19.435298754153706,-1.3411184915996999
123.00144533983395,198.01077002085265,-0.35716607598579536
28.016803047304805,103.66593047274735,-0.8611043589010465
175.47461438559108,148.15372355084088,1.7245225274888059
139.4031481990536,140.49681679742184,0.928847046772091
71.89823024395103,58.71836885289867,-0.4244630864399034
161.87223109570272,162.02267893583615,-0.3412121912909834
173.41446371602075,182.64811051129425,0.6086325424567818
102.26847977218756,100.30325893743992,0.05612769675293313
159.65903579335503,129.99278615555303,0.14254379783580562
140.39337545154066,159.15853388722022,0.34616982424000636
178.00106836351327,67.59903137030716,-1.108196401541736
75.1165905279888,18.7963879681738,-0.5043917918313681
115.6560281992348,7.188454759348417,-0.15605114059102687
93.11960362649204,108.52892694151532,0.3225150276600278
57.30825042565688,118.16665211380214,-1.6729921337415534
6.100049987809886,7.469637749842883,-0.8939614751609084
164.52011213193165,72.03812828225257,-0.842932444426985
25.412102530376956,104.44865201096087,-0.8321402156304353
153.99871061972217,43.164205499368634,-0.7631712672835673
124.57809516380006,17.0694929987536,1.2307183701792594
10.33634423372154,106.2709263136296,-0.686372911770538
108.1270243220213,127.48598029964131,-1.3627584520623781
145.21826674453231,195.17041589250692,-0.7070145315195551
103.26006966023907,64.5912945882492,-0.8921021230035452
159.03723895374074,54.16645025241485,1.767147863377592
87.79428414112722,15.69127626845319,0.2405257889687394
5.070148683091502,192.52968293558502,0.898494520629553
167.19602410244116,139.19484121873958,0.532067667168455
81.79058888285398,34.658864014169154,-0.33547144886882785
31.28740853421721,50.048579632919065,-1.1860163113427307
109.8453329412241,142.91918454001248,-1.1470269297292455
132.03947534354626,55.98677938918857,-1.3791108619561476
190.97305613263882,147.5793833391537,1.5104177251529354
110.87081050228014,122.34414924687044,-0.9216398420895664
83.92001248555798,49.54619790023149,0.6708857037404412
71.19453573025231,151.56922209287382,0.35369174362190986
2.8786977259511737,23.214528101383248,-0.5972304294196329
9.20052840435055,8.145760463794026,-0.7325379523455021
171.09211680220145,140.73157187600472,-1.455158852411639
94.83476581746504,19.566832130200297,-0.08953802628682583
98.32317502336647,94.69435415611314,0.2465790319148745
34.640373982003034,86.77032984759461,-0.06418121140531587
79.70094687947469,123.17001961044329,1.3942348914880314
127.01873017352877,9.060801954408904,3.1069763847476515
74.92252292529425,125.17198314284728,1.778815364996187
100.62725171601754,171.29796823766446,-0.9953510117955151
131.738726323789,32.58688541628594,0.14719371938194417
14.113749480085968,128.48385564126312,-0.19719707665610992
5.302262108324363,117.15511625469266,-0.28431772182139536
188.0460482849915,115.0948355751758,-0.37406242563362896
77.63398524130439,128.65764368847064,0.8971091332174004
91.65057809830333,109.12335786318698,-0.8399057948657789
188.29296175530504,77.22052756015485,0.6372937136136856
192.23811276478284,181.07012839121273,-0.2563416151437004
39.158226957859284,13.872260175033091,-0.9491503895183218
20.15560027548533,3.6443651303099456,0.1174439187997493
18.88859215118568,136.60135468327138,-0.8257838662138899
14.237729692045797,63.79512605875226,0.7506183202801321
168.97506219389092,4.654387147165173,-0.037082048476629735
162.89369651778716,56.37095495467999,-0.6463952593239567
23.63296552433125,139.34743307283014,0.051950634616828154
125.7885693559768,175.49440270541058,-1.8800488531217192
147.01420876077717,160.69618607696972,-0.4775232512369423
56.406914514261295,35.48790875594457,-1.6725424476267494
150.12295032817167,161.3669478534528,1.4194169431204373
198.10102840013465,82.5235353822853,-0.35824426694479194
74.40361715855663,155.28259214839937,-1.1884600950138224
68.16070805060357,186.15146512071294,0.7509083681586805
171.68255036860236,85.79880547500368,1.2007433370041631
150.17421355829947,150.90857481693646,0.8215535638939367
20.62477376718652,180.51058133591334,0.5485843329924781
101.05047448957143,165.29149322154834,-0.474944047144868
64.00992020612235,179.1046456992401,-0.030882953118781777
77.84033574683262,2.167530296059672,-0.395914435952519
181.07639528385272,18.25733535722671,0.6623133597543402
63.86272751808298,190.012393410161,-1.026757868326703
190.12142938751123,114.68757762465722,-1.8551647881528395
126.36744243395985,89.68910439566396,0.6780089927690376
58.64215433961291,65.7329090739832,-0.5587961703680803
134.50369121540768,150.474905887536,-0.7404150690782736
158.3158087451697,157.92362855891076,1.9293779518485432
18.241220609738072,98.88406094051629,-1.0098530171052544
11.511752003328857,109.9057764647471,-1.1482281662233373
88.3061002746754,177.54083655165996,-0.5086065743767407
70.18300251041573,23.413403285521174,0.5908771279850042
28.59833641056717,152.30212634349445,-1.3891916413720131
123.64361266325221,20.22453522455805,1.8566319755207035
16.821361222999485,140.193826291824,-1.5145584341165905
14.552601272838706,164.37201185807123,0.06615592838124607
141.24844543129925,16.269756128379953,0.018421772361906535
16.967542817038385,197.32791570023508,-0.11669264760421968
74.85415915122407,74.12842941337819,-2.95192852049651
162.5599134515005,189.44971547677173,0.5524056408183331
197.2002127645742,150.67563705178833,-1.6558182609567893
75.25191710618316,16.700143339733753,0.0055435388958247536
155.42938318548735,111.68084994716101,-0.5074497095271185
84.84440184939525,181.2708770189472,-0.2857819307177659
22.239496461230267,98.52502085817183,-0.2339898218353192
2.2707289534838138,93.73212839882525,-1.6702386265862135
11.26065513636747,23.763583253614385,1.3067842494473494
23.505249355420975,129.8420604232127,-0.5856802313935097
149.20897585308467,116.67375301943193,-0.40577525633757505
192.43450969490837,74.97411590474081,-0.3231884542374581
57.14241725637215,173.71982563789206,-1.2617723546304742
44.71916770389053,192.64450788812226,-0.2943251748665479
2.4308949379632683,193.97576534152782,0.6242471328094659
8.631982390115223,178.22862273961422,-0.5141548154836423
105.54022181725998,198.59295922386008,0.18030477149234586
14.759312947079772,110.77085688026416,-0.6428997311157307
193.8605071238198,104.61956883402976,-0.716459121285451
125.8797276270525,139.14973779692343,0.3266856354530482
90.90821295355465,125.5116160168127,-1.72267909871184
116.86286238462004,180.23160209819778,-1.6203112001622633
9.089276068291575,56.19263791844607,0.4702612666145613
190.08229681531174,178.05275677818327,0.8747358626573554
91.13135055714258,124.02651956030735,0.0293823540781409
55.476236596226535,37.62423194475226,2.1559241396038695
92.73968098799644,70.67044560521056,-0.6070173521417509
116.73122237017441,15.546927392996967,1.3123469418760267
194.8789615332333,197.24214889592056,0.26665532169832135
139.63234280394903,107.21927326882408,-0.3189527281452722
61.90552325726555,162.75900394138972,0.0020829277875816805
136.94623451077587,32.52338786897826,-0.39845890722425414
182.1854368987685,164.5074485846338,-0.7443390160750479
189.9599826583848,145.143901677672,-0.6908938181199175
122.68303918715797,83.64860725812377,0.15187546697287838
186.54569667080264,173.21277790008168,1.5269941344601798
9.043734021237881,5.273394899450401,0.4585299878162458
75.29267337560992,162.1106661563666,-0.31563414370687126
197.4552258629889,30.083378220705637,-0.8321974387997273
118.82614307042702,76.1781713262043,0.5736959716337189
193.98287956292063,168.42378462714174,-0.5857059577404908
167.66574094222756,93.73863195899406,1.5366921771270206
82.96390046753304,54.68141438614125,0.495777055840381
11.275099330185423,172.94447525101063,1.815020926530433
162.58020182601553,199.9435346572261,2.1281337945992367
199.32736741478107,111.08634112052549,-0.38708215499096543
153.7974830361021,188.95314597648562,1.0066231047428673
169.9294781354823,49.46962034863953,0.9544046104909909
90.1088270620187,25.831883030298997,0.002489867860590335
190.81020545174448,121.23492689017601,-0.28474975951545556
45.728561100692545,134.34013688117133,-2.040778991517467
123.62564809157917,71.6325436065681,0.4491131470913172
22.711518439925804,134.3146391185599,-2.1480831408866203
104.06154018075866,154.46367834712785,0.2436256835368405
104.03270022239867,170.43630006370802,-0.23069248899625777
110.38136775489711,112.18759430707725,-0.6537027813441318
175.33072053166902,80.6965732424794,-1.2677501113545198
26.803045690128148,5.756535262667795,-0.5782809585338906
151.0274511347238,124.06191027069293,-1.484247216504087
140.81595361984472,42.592832301782146,0.8929401527848715
27.27429511735395,2.9089331335763857,0.3509339153719427
70.11751176131939,117.98353737092661,-1.255374721067364
78.44880901994647,87.49498440474581,-0.5219486280489731
180.83173889874968,69.65109340466007,-0.4200391008040997
102.79789783196216,156.7306025482286,-1.4059415260442647
79.30855646425402,124.4173400455747,0.0008429880563739912
172.47274174934904,189.9041247315284,2.4035992845368654
29.414696185807585,185.31752503229887,-1.810040529062421
98.42325861590764,51.64887765979167,0.20863322360180453
91.82715124765227,196.0065150570954,-1.9942394127156968
98.52361879857392,65.75032205750165,-1.7951842271643847
126.68017086334515,48.029123755638615,0.4713629771065196
15.172665621732783,25.775944382129843,-0.6124211505754168
25.609167791554487,30.38053870245887,0.7893632692896
27.76543452988203,128.17494896064292,-0.7754413626065645
36.37601687982897,69.13345666477264,-0.8776965720333897
179.35768198120238,94.79232805257448,1.662654722534914
133.51154770420544,34.46397424032597,0.4835937164284103
38.457803761734155,8.173723253295773,-1.725149725629559
33.78701261443291,55.71806780639172,-0.22490756638861778
35.40209685534936,17.74050675141112,0.3400729916946597
24.12717422012016,92.15575360654515,-1.5556990983566552
41.2667436811585,72.8539722096151,0.4228619891008823
100.68345417097137,138.07896572587305,-0.9064903601007845
7.862427968219787,159.88207978180853,0.6533146335949669
125.58007789818156,16.35180638977438,0.49963812626046944
174.71572482135545,184.17448010636264,2.7339009715111025
12.21559197097275,55.37552962944075,1.4626624928219152
161.24025595861227,149.65193807673168,-0.25552994640509724
36.90420387127546,41.86986466734206,1.4395980031801736
74.0944205582764,96.90459703820426,-1.4379807452782916
123.65095430605919,73.78272791395449,1.481029782163741
92.50694322662957,149.4941876267513,-0.917174065110465
7.33664057811958,50.48738886880415,-0.18729650480633342
142.66991717691047,179.04136753743987,-0.2966492189762439
102.33548842313323,106.42269705306313,-0.4172367107155342
21.43440226795521,89.48247336469093,-0.883630523024178
106.52345329100463,48.49410072694593,-1.668605567194071
53.84864618987619,75.45683262092453,-0.9274584377954864
4.014239555545274,64.41583311663565,-0.7022217473581026
42.28960139930893,65.49947043558294,0.34125550097755913
23.952426363850243,178.105456147979,-0.6561004186509319
118.71849071080973,135.8204638288979,-0.6984867820976185
157.83424772146765,99.68843978581145,0.1755998110069497
17.38405761748474,107.42130836370956,-1.3801167776066448
117.36822360417582,149.08789483686598,-0.3063746241510962
86.33190924593588,25.516060559112752,-0.137821594570126
56.75518115974489,72.61645927972702,0.6084577592790779
129.18344826632026,114.15566093378237,-0.5190327501326292
71.21934517956925,197.30304975859593,-0.8950289474948523
121.15496387137743,47.4453583471989,0.5901098476477968
20.356494524080748,30.571827836866404,-0.43204277812916536
49.191545676901626,32.13627465191114,0.9571966875269053
37.313404810261154,57.01903373876942,0.23467864852185955
34.67471905895096,179.35308492528503,-0.016380805505610635
16.046749132328443,104.90227791405093,-1.506873820409138
82.0793653979323,196.47572338172128,0.9992336714130661
22.40778043361047,79.57111980914833,-2.0968537711936146
193.89408665507378,173.10142517879606,0.8838973696932308
163.414414189856,51.580565408987965,0.7256112439934351
34.177517478013165,133.7286439848862,-0.37930801345455784
185.87519782551715,111.35257860278595,-1.2077398081197785
114.32253789397997,55.99581873205683,0.09696416468944424
153.89858663838737,37.408749711504676,-1.010184355211305
64.73584728084873,85.08728772328335,-0.13372848551551195
101.522075736891,48.481946483016046,-0.8787854935229159
22.967364947840707,122.12400848832652,-1.4762477841349873
57.726110648051154,116.24764428452245,-1.440441446344731
30.872543054840463,96.22802037096349,0.05847120648732325
106.51788651031717,10.364707364485382,0.6191885324287826
67.32085563878411,26.88293538779485,1.094245007106973
12.674994094553549,197.99204647798905,0.6886352139668676
64.47076899494459,161.97488917092699,-0.21981166977463196
50.92813095275277,136.30054444478586,-0.17374076912037287
152.0455719779373,119.12774812156886,1.1725948969581927
94.31523771003168,82.3681828294537,-0.626071521062484
69.77365330859907,185.90582884956518,1.0874445308815759
166.12388155754581,193.0053821333025,1.6781521147988652
24.859444697108945,146.17349504072885,0.5455600894307395
187.66809136420756,36.24661323313203,-0.07175256133183561
13.299253473355499,148.22412985801182,-0.6026560585840068
114.89462263598239,168.3657553516544,-0.16227753861249175
27.9544753252579,159.05346237197804,-0.03075331038100581
40.32546400954891,32.7311885731409,-0.37964565989708143
32.853159586198586,162.91494404627642,1.0785953489659843
133.03944413924003,104.61308495382386,0.17351113779219443
71.7660968247005,175.44010816262164,1.9048342061229777
78.48902148452707,163.31988789431543,-0.2695660601213083
87.82698171404368,75.38888588498152,-0.18493616794679718
92.53595713392129,60.27557483282842,-2.090560320146279
149.52187603525022,100.54407801849582,1.7207738920105637
46.44253902936346,179.9149146549137,-1.382195446684906
76.77824427464228,108.71057222279772,-1.409692312296216
181.2944221929094,124.84759918279842,-0.3441277913673102
23.379608141672815,187.96642472269502,0.15154009774374055
125.54161061428357,66.98112293141722,-0.11655091941457496
27.854414532677453,158.8050378540592,0.8450015571976424
124.0145511857027,106.6922183952643,-1.0181847388129097
178.77851661019153,157.71944224490616,0.9031376439004094
30.334975946550237,62.34441355910965,0.7751788104420169
49.69782796289315,148.7892585145354,0.8835861725204921
6.706486947155876,113.9779369742633,-0.10387344406998944
152.4917371481381,175.3531273523499,0.2869973171502063
68.4163497431815,164.25146093440256,0.2195031975615521
22.126347391041445,169.29045834690365,-0.3085210473487855
25.497732466396485,79.45745811207345,-1.1905324528770802
159.45907315591072,29.983485469754754,-3.0658234313049055
45.8502790465283,144.45051367861325,0.5167644920721175
144.00730730921487,128.22952657705946,-1.9821830935195932
138.78968889342,108.54488866951924,0.02111540412727973
50.35981178139055,69.1391987007839,-0.42589678297086103
36.31954336028513,181.69011226672566,0.1359343001268187
116.67835895322409,80.17028335272798,-0.9439083580843565
92.40116072882654,189.45666792236307,-1.0800260618028934
30.67028062321604,117.24596640335945,-0.5112283170013338
101.1777357768932,122.29084708692956,-1.6970397842015175
3.6220367641681017,174.4247817888303,-0.6902392681087304
186.4236564967225,113.02663671784178,-0.6475593623473784
139.33016477537845,184.49987623545914,0.23436402408955184
141.44772686267973,30.50780858285227,-1.0198170178711492
115.25767203336264,121.34300927657118,-1.769084655806808
84.8261342604772,147.28884712494457,-1.7741345151450727
186.87340295380298,185.11370258135526,1.3948292094556878
90.16787428082642,22.64760916815105,-0.8759334502434866
196.9682397924669,167.77961728918683,-0.9160239562706105
24.93253624065337,184.16837652347448,-0.9492538564775147
173.97927241242564,103.76761142521443,0.9177365771116256
118.25508714898585,79.80054077402605,0.9525815403325506
10.952327764406267,67.03944832918019,-0.8458220973573799
160.57068971960229,0.9264046009205718,0.6938439279501969
66.69983433822884,79.63373871818867,0.23898008051055666
107.47912058758457,183.9711232825521,-0.6051508633567547
69.26919887319225,69.39064037924554,1.001563361870032
147.50024962194968,90.44358817796143,0.40700380458825464
44.920964587996394,90.48790322653868,-1.8945584588876259
28.17140407595997,35.27739730124466,-1.244190490262623
99.67355454789595,83.78508990090958,0.3354575910966896
182.96918021362,72.47877982332662,-1.6582010619621583
116.11767005560868,126.45285758390608,-1.1061489689113413
2.6188913176667272,132.70747440334213,0.17341829483256505
35.60719337395029,192.21406349389102,0.3498112590987513
29.73254555062259,82.92482474540475,-0.1040213804953801
17.06993361572877,199.37485036918946,-0.18105645914790522
100.43900206624852,119.07700346400875,-0.6532029468280867
13.415295477685497,149.99209407983557,0.18199612147131258
41.981118619117154,179.61085788814276,-0.6156025423132879
41.02792809640143,38.13754413273331,0.23929616817055457
7.309933569618976,94.41338902199985,-2.609850526260655
112.96822665252328,13.141727885670473,1.201001458517729
155.1055233390021,90.65776694960552,-1.4269693586771575
104.87805386551601,88.15254938764564,0.4305552143731423
80.1526121750652,111.92806626164358,1.0446513745692354
31.0480491861425,36.38562609905422,-0.1020172683493453
172.35712420270346,189.22309242672654,0.41864854543724767
74.66186325595059,54.148934628710755,1.1261790237196085
128.79990864780316,81.74683421961927,0.1587566026633775
5.077271132068972,31.230519473238072,-0.24751992783437607
143.1944457694795,131.78478838203029,0.05119413690880366
5.419198500696698,44.39443238658989,-0.5583473394983448
46.21495931761428,134.37854871974568,-1.1068148132273161
3.942107550872831,20.82171639691477,-1.6266152977143
159.98321707463788,35.70893241086672,-0.563954454508586
130.54922157037495,47.6365562093453,-0.7090225941384417
19.888278551869032,48.634438199890816,1.4396696717215827
144.45338637113184,171.13929362125714,-0.5450010890568546
166.0439729133983,79.43670592369097,0.08018880643558139
133.61702731412925,40.996859083164196,0.8418625925824023
58.629546052202656,179.26716370422395,0.6825981121930053
2.600384702147207,17.101706170893614,1.2686672581255074
41.57725102920546,5.306440774763943,0.697587134103186
36.287087017959465,116.60831219393843,-1.862480225327522
84.2849101184996,178.53434221539496,-0.717608780105506
163.4887123476882,68.3634703395752,-0.18050075501929347
51.8846866862585,75.93848163345338,-0.4799572778029292
118.05898850296155,53.61272816457525,-2.858741912451147
124.8297815698268,81.88233043824809,-0.49614527395936187
110.40943617039605,87.22530582706334,-0.5933620415538593
58.89315190838354,189.69066139243134,-0.28791201207896655
152.72115883195215,28.02263515329051,0.4328568300537799
173.69359517958256,97.48623964990273,-0.5912267747554224
178.91044537881828,159.97105118946305,-0.07937965852218157
85.04270089384669,4.49386166402348,-0.05824703990796567
53.735471876989216,108.32684293217338,-1.3625422586948137
126.69564396522945,51.577537086640454,-0.29898421068285963
27.871214814564826,166.9860473598598,0.5742752894896871
196.88043614071043,105.13803646053717,-0.6630075248230415
34.3358571696607,54.461465303873794,0.583090109377257
3.6781353094933467,182.8597613120998,0.6991199570167654
23.550216578028227,115.30329510285071,-0.12139652962583196
54.8110441374412,110.83560050315869,-2.9722861234369433
130.28407767037285,165.94836074144033,0.3381667670373902
41.28425435212064,2.1991657316960955,-0.022890917401577796
27.377126013761455,180.00372836962103,0.7229351618315608
174.77801551250306,119.48262043406166,0.20727327435930182
120.10337208673067,133.00733490925109,-0.1624109600005897
35.07425572468992,182.88238918499195,-0.30544473139470407
83.75410497841462,76.6277056498995,-2.236849075832955
103.78354105656751,9.39319335501101,-0.7843936907246234
33.256673751215885,147.6067232852741,-0.6161936839011134
16.559733585025292,120.63042189327764,-1.5428617085711225
49.06982193626419,77.85912280839531,-1.303881807407335
57.738747354139974,71.13454329298983,-1.6096282637924042
143.8091810368491,59.424343124635,-0.051217351536282665
113.28092805937943,95.21008043981993,0.06830857912727661
132.73423307252963,187.3659478649516,0.07570649488461012
146.51441944205007,42.98807571815135,0.11347085717989722
6.2366270122569345,52.45280885996502,0.589392081020048
119.01558614005097,10.285162696850069,1.5087973304008264
99.27324944024727,119.36856978337784,-0.8448485110433421
66.84877816339217,154.18244074916439,-2.3842681544210493
21.31965062675436,15.027556347161752,-0.5964600352935635
145.63775124072066,99.09826324123969,1.2478698814049027
137.68047928554722,86.96546772074925,-0.1582660145979368
49.280406647821366,163.82046353483994,-0.6917626520547393
159.88317579379586,138.93929417088535,-0.1752542262615411
54.42902744599254,118.04613337381741,-3.1592654538233544
72.19477938800536,18.316414665326832,-1.0107462496545538
183.46271509244855,27.36372618379228,0.3792355142763069
190.0474707641605,89.20115459159115,0.0030850211754920864
